-- EMPLOYEE
 
INSERT INTO Employee VALUES (1000001, 'Andrés', 'Huguet', TO_DATE('1977-12-24','YYYY-MM-DD'), 'andrés.huguet@example.com', '913644307', 'Callejón Luz Román 99', 'Contract', 4727.04, TO_DATE('2021-09-21','YYYY-MM-DD'), NULL);
INSERT INTO Employee VALUES (1000002, 'Candela', 'Guzmán', TO_DATE('1975-12-28','YYYY-MM-DD'), 'candela.guzmán@example.com', '991620567', 'Camino Marco Ramón 6 Puerta 9 ', 'Part-Time', 2064.2, TO_DATE('2019-05-05','YYYY-MM-DD'), NULL);
INSERT INTO Employee VALUES (1000003, 'Chus', 'Samper', TO_DATE('1992-05-22','YYYY-MM-DD'), 'chus.samper@example.com', '987054939', 'Cuesta de Régulo Miguel 69', 'Part-Time', 6734.63, TO_DATE('2018-01-29','YYYY-MM-DD'), NULL);
INSERT INTO Employee VALUES (1000004, 'Vicente', 'Bustamante', TO_DATE('2002-10-21','YYYY-MM-DD'), 'vicente.bustamante@example.com', '982105799', 'Plaza Reyes Fiol 3', 'Contract', 2024.21, TO_DATE('2015-12-11','YYYY-MM-DD'), NULL);
INSERT INTO Employee VALUES (1000005, 'Patricia', 'Llano', TO_DATE('2000-08-09','YYYY-MM-DD'), 'patricia.llano@example.com', '981192549', 'Cañada de Cayetano Oliva 668 Piso 2 ', 'Part-Time', 6367.18, TO_DATE('2020-11-03','YYYY-MM-DD'), TO_DATE('2024-07-15','YYYY-MM-DD'));
INSERT INTO Employee VALUES (1000006, 'Che', 'Lumbreras', TO_DATE('1983-12-18','YYYY-MM-DD'), 'che.lumbreras@example.com', '948560614', 'Urbanización Otilia Mena 6', 'Full-Time', 7522.51, TO_DATE('2016-04-26','YYYY-MM-DD'), NULL);
INSERT INTO Employee VALUES (1000007, 'Purificación', 'Campoy', TO_DATE('1993-05-18','YYYY-MM-DD'), 'purificación.campoy@example.com', '989403474', 'Camino de Silvia Ferrer 86 Piso 7 ', 'Full-Time', 5349.25, TO_DATE('2021-10-02','YYYY-MM-DD'), NULL);
INSERT INTO Employee VALUES (1000008, 'Marciano', 'Guzman', TO_DATE('1978-05-12','YYYY-MM-DD'), 'marciano.guzman@example.com', '927006159', 'Cañada Maristela Arenas 6 Piso 2 ', 'Contract', 4736.6, TO_DATE('2016-01-04','YYYY-MM-DD'), NULL);
INSERT INTO Employee VALUES (1000009, 'Alcides', 'Estrada', TO_DATE('1985-12-17','YYYY-MM-DD'), 'alcides.estrada@example.com', '985047121', 'Urbanización Salomón Tena 76', 'Full-Time', 2417.54, TO_DATE('2020-07-23','YYYY-MM-DD'), NULL);
INSERT INTO Employee VALUES (1000010, 'Jose Angel', 'Tovar', TO_DATE('1984-12-22','YYYY-MM-DD'), 'jose angel.tovar@example.com', '966561923', 'Alameda de Pelayo Corbacho 87 Piso 7 ', 'Contract', 5269.57, TO_DATE('2017-01-19','YYYY-MM-DD'), NULL);
INSERT INTO Employee VALUES (1000011, 'Porfirio', 'Lloret', TO_DATE('1998-06-21','YYYY-MM-DD'), 'porfirio.lloret@example.com', '954546224', 'Calle Ángeles Aguilar 83', 'Part-Time', 6506.53, TO_DATE('2021-09-13','YYYY-MM-DD'), NULL);
INSERT INTO Employee VALUES (1000012, 'Rosalva', 'Zapata', TO_DATE('1979-01-14','YYYY-MM-DD'), 'rosalva.zapata@example.com', '905924919', 'Rambla Aurelio Lluch 44', 'Part-Time', 4056.12, TO_DATE('2019-09-16','YYYY-MM-DD'), TO_DATE('2023-03-28','YYYY-MM-DD'));
INSERT INTO Employee VALUES (1000013, 'Leonor', 'Martinez', TO_DATE('2004-03-31','YYYY-MM-DD'), 'leonor.martinez@example.com', '900045231', 'Glorieta de Nadia Alberola 22', 'Part-Time', 7091.81, TO_DATE('2020-10-12','YYYY-MM-DD'), NULL);
INSERT INTO Employee VALUES (1000014, 'Édgar', 'Beltran', TO_DATE('1973-02-13','YYYY-MM-DD'), 'édgar.beltran@example.com', '960000617', 'Vial Ángel Ribas 148 Apt. 26 ', 'Part-Time', 7199.03, TO_DATE('2024-07-28','YYYY-MM-DD'), NULL);
INSERT INTO Employee VALUES (1000015, 'David', 'Enríquez', TO_DATE('2004-04-05','YYYY-MM-DD'), 'david.enríquez@example.com', '982425442', 'Pasaje Gisela Pablo 6 Puerta 0 ', 'Part-Time', 2985.94, TO_DATE('2024-01-09','YYYY-MM-DD'), NULL);
INSERT INTO Employee VALUES (1000016, 'Anabel', 'Santana', TO_DATE('1993-12-24','YYYY-MM-DD'), 'anabel.santana@example.com', '936239907', 'C. Segismundo Castells 22 Apt. 87 ', 'Full-Time', 2836.31, TO_DATE('2022-06-19','YYYY-MM-DD'), NULL);
INSERT INTO Employee VALUES (1000017, 'Eutimio', 'Villalobos', TO_DATE('1996-07-15','YYYY-MM-DD'), 'eutimio.villalobos@example.com', '922035644', 'Alameda de Juan Carlos Falcón 4 Puerta 9 ', 'Part-Time', 5771.65, TO_DATE('2019-01-15','YYYY-MM-DD'), NULL);
INSERT INTO Employee VALUES (1000018, 'Eli', 'Almagro', TO_DATE('2003-04-09','YYYY-MM-DD'), 'eli.almagro@example.com', '919415699', 'Alameda Federico Bermúdez 171', 'Contract', 6394.99, TO_DATE('2016-06-20','YYYY-MM-DD'), NULL);
INSERT INTO Employee VALUES (1000019, 'Leonor', 'Doménech', TO_DATE('1985-10-24','YYYY-MM-DD'), 'leonor.doménech@example.com', '927209133', 'Avenida Alicia Ferrer 74', 'Full-Time', 3722.16, TO_DATE('2021-07-08','YYYY-MM-DD'), TO_DATE('2025-04-02','YYYY-MM-DD'));
INSERT INTO Employee VALUES (1000020, 'Amaro', 'Olmo', TO_DATE('1997-09-09','YYYY-MM-DD'), 'amaro.olmo@example.com', '973106181', 'Rambla de Dan Chacón 11 Apt. 39 ', 'Full-Time', 2122.8, TO_DATE('2016-11-06','YYYY-MM-DD'), TO_DATE('2023-11-11','YYYY-MM-DD'));
INSERT INTO Employee VALUES (1000021, 'Sigfrido', 'Gálvez', TO_DATE('1976-07-16','YYYY-MM-DD'), 'sigfrido.gálvez@example.com', '911054104', 'Paseo de Godofredo Domínguez 91 Apt. 34 ', 'Full-Time', 3624.88, TO_DATE('2021-09-01','YYYY-MM-DD'), NULL);
INSERT INTO Employee VALUES (1000022, 'Elvira', 'Calzada', TO_DATE('1974-06-13','YYYY-MM-DD'), 'elvira.calzada@example.com', '961913132', 'Pasaje Isaura Godoy 200 Apt. 76 ', 'Contract', 2833.77, TO_DATE('2018-09-23','YYYY-MM-DD'), NULL);
INSERT INTO Employee VALUES (1000023, 'Agustina', 'Viana', TO_DATE('1994-12-01','YYYY-MM-DD'), 'agustina.viana@example.com', '943171992', 'Vial de María Bastida 52 Puerta 8 ', 'Contract', 5256.52, TO_DATE('2024-04-25','YYYY-MM-DD'), NULL);
INSERT INTO Employee VALUES (1000024, 'Sara', 'Acedo', TO_DATE('1971-04-06','YYYY-MM-DD'), 'sara.acedo@example.com', '931327578', 'Alameda de César Doménech 13', 'Contract', 4572.38, TO_DATE('2019-07-19','YYYY-MM-DD'), NULL);
INSERT INTO Employee VALUES (1000025, 'Fulgencio', 'Gonzalo', TO_DATE('1981-09-22','YYYY-MM-DD'), 'fulgencio.gonzalo@example.com', '949544607', 'Cuesta de Emilio Hernandez 3', 'Contract', 4219.82, TO_DATE('2016-09-30','YYYY-MM-DD'), NULL);
INSERT INTO Employee VALUES (1000026, 'Chus', 'Hervia', TO_DATE('1985-12-10','YYYY-MM-DD'), 'chus.hervia@example.com', '973373698', 'Via Américo Núñez 3', 'Part-Time', 5020.13, TO_DATE('2017-02-02','YYYY-MM-DD'), NULL);
INSERT INTO Employee VALUES (1000027, 'Javiera', 'Álamo', TO_DATE('1992-06-14','YYYY-MM-DD'), 'javiera.álamo@example.com', '900352120', 'Pasadizo Ignacio Cortes 81', 'Part-Time', 7997.25, TO_DATE('2016-04-23','YYYY-MM-DD'), TO_DATE('2024-05-21','YYYY-MM-DD'));
INSERT INTO Employee VALUES (1000028, 'Valerio', 'Ferreras', TO_DATE('1973-01-09','YYYY-MM-DD'), 'valerio.ferreras@example.com', '930643601', 'Ronda de Calisto Rincón 30 Puerta 5 ', 'Contract', 6043.88, TO_DATE('2024-07-14','YYYY-MM-DD'), NULL);
INSERT INTO Employee VALUES (1000029, 'Ignacio', 'Verdugo', TO_DATE('1971-06-20','YYYY-MM-DD'), 'ignacio.verdugo@example.com', '922889273', 'Acceso Toni Pino 840', 'Contract', 3037.9, TO_DATE('2023-05-31','YYYY-MM-DD'), NULL);
INSERT INTO Employee VALUES (1000030, 'Eli', 'Matas', TO_DATE('1997-03-15','YYYY-MM-DD'), 'eli.matas@example.com', '935219533', 'Urbanización de Celso Valverde 790', 'Part-Time', 6293.56, TO_DATE('2019-06-24','YYYY-MM-DD'), NULL);
INSERT INTO Employee VALUES (1000031, 'Edgardo', 'Carranza', TO_DATE('1991-10-28','YYYY-MM-DD'), 'edgardo.carranza@example.com', '909013441', 'Urbanización de Valeria Río 9', 'Contract', 7546.81, TO_DATE('2016-08-30','YYYY-MM-DD'), NULL);
INSERT INTO Employee VALUES (1000032, 'María Cristina', 'Múñiz', TO_DATE('1984-05-19','YYYY-MM-DD'), 'maría cristina.múñiz@example.com', '903471885', 'Acceso de Paulino Chamorro 80', 'Contract', 7692.09, TO_DATE('2016-05-31','YYYY-MM-DD'), NULL);
INSERT INTO Employee VALUES (1000033, 'Eloísa', 'Heras', TO_DATE('1975-02-22','YYYY-MM-DD'), 'eloísa.heras@example.com', '946249136', 'Alameda Rubén Clemente 57 Puerta 2 ', 'Full-Time', 7475.14, TO_DATE('2019-10-22','YYYY-MM-DD'), NULL);
INSERT INTO Employee VALUES (1000034, 'Josefina', 'Font', TO_DATE('1972-08-08','YYYY-MM-DD'), 'josefina.font@example.com', '980826211', 'Calle Cecilio Bellido 6 Piso 1 ', 'Contract', 6083.22, TO_DATE('2022-10-06','YYYY-MM-DD'), NULL);
INSERT INTO Employee VALUES (1000035, 'Pía', 'Barrios', TO_DATE('1976-01-12','YYYY-MM-DD'), 'pía.barrios@example.com', '968902051', 'C. de Poncio Juliá 17', 'Contract', 6887.46, TO_DATE('2023-08-07','YYYY-MM-DD'), NULL);
INSERT INTO Employee VALUES (1000036, 'Angélica', 'Ibáñez', TO_DATE('1997-11-25','YYYY-MM-DD'), 'angélica.ibáñez@example.com', '936408486', 'Cañada Evangelina Alvarado 37', 'Full-Time', 1569.05, TO_DATE('2021-02-11','YYYY-MM-DD'), NULL);
INSERT INTO Employee VALUES (1000037, 'Zacarías', 'Alonso', TO_DATE('1997-06-16','YYYY-MM-DD'), 'zacarías.alonso@example.com', '969309300', 'Plaza Custodio Gaya 2 Apt. 91 ', 'Part-Time', 3718.18, TO_DATE('2019-12-26','YYYY-MM-DD'), NULL);
INSERT INTO Employee VALUES (1000038, 'Haydée', 'Sebastián', TO_DATE('2000-08-13','YYYY-MM-DD'), 'haydée.sebastián@example.com', '934912557', 'Rambla Vanesa Robledo 3 Apt. 87 ', 'Part-Time', 6795.33, TO_DATE('2018-10-09','YYYY-MM-DD'), NULL);
INSERT INTO Employee VALUES (1000039, 'Jose Ramón', 'Carbó', TO_DATE('1973-07-03','YYYY-MM-DD'), 'jose ramón.carbó@example.com', '970056581', 'Urbanización Guiomar Moliner 38', 'Full-Time', 2437.3, TO_DATE('2019-07-02','YYYY-MM-DD'), NULL);
INSERT INTO Employee VALUES (1000040, 'Juan Antonio', 'Lorenzo', TO_DATE('1977-03-13','YYYY-MM-DD'), 'juan antonio.lor@example.com', '945637646', 'Rambla de Bernardino Trujillo 36 Puerta 4 ', 'Part-Time', 6012.12, TO_DATE('2019-05-17','YYYY-MM-DD'), TO_DATE('2023-08-19','YYYY-MM-DD'));
INSERT INTO Employee VALUES (1000041, 'Jose Carlos', 'Belda', TO_DATE('1972-03-03','YYYY-MM-DD'), 'jose carlos.belda@example.com', '935011332', 'Cuesta Carolina Calderon 42', 'Contract', 7612.87, TO_DATE('2024-07-15','YYYY-MM-DD'), NULL);
INSERT INTO Employee VALUES (1000042, 'Georgina', 'Girona', TO_DATE('1977-07-02','YYYY-MM-DD'), 'georgina.girona@example.com', '958556261', 'Cuesta Fabiana Niño 4', 'Contract', 7867.78, TO_DATE('2024-03-04','YYYY-MM-DD'), TO_DATE('2025-09-30','YYYY-MM-DD'));
INSERT INTO Employee VALUES (1000043, 'Rafael', 'Gómez', TO_DATE('1995-09-09','YYYY-MM-DD'), 'rafael.gómez@example.com', '991937488', 'Calle Nazario Gargallo 91', 'Contract', 6994.82, TO_DATE('2016-11-01','YYYY-MM-DD'), NULL);
INSERT INTO Employee VALUES (1000044, 'Marco', 'Calzada', TO_DATE('2000-01-01','YYYY-MM-DD'), 'marco.calzada@example.com', '952056618', 'Alameda de Vito Morell 5 Piso 5 ', 'Contract', 2017.69, TO_DATE('2020-04-14','YYYY-MM-DD'), NULL);
INSERT INTO Employee VALUES (1000045, 'Valentina', 'Garriga', TO_DATE('2000-07-09','YYYY-MM-DD'), 'valentina.garriga@example.com', '914947218', 'Glorieta Olimpia Vicente 2', 'Part-Time', 3961.6, TO_DATE('2017-08-31','YYYY-MM-DD'), NULL);
INSERT INTO Employee VALUES (1000046, 'Edelmira', 'Cañizares', TO_DATE('1988-08-15','YYYY-MM-DD'), 'edelmira.cañizares@example.com', '939847100', 'Callejón de Pepe Cuesta 76 Puerta 8 ', 'Full-Time', 4583.25, TO_DATE('2021-01-20','YYYY-MM-DD'), NULL);
INSERT INTO Employee VALUES (1000047, 'Ascensión', 'Quero', TO_DATE('1991-11-28','YYYY-MM-DD'), 'ascensión.quero@example.com', '995911575', 'Glorieta de Sancho Calderon 82', 'Full-Time', 2017.33, TO_DATE('2019-05-31','YYYY-MM-DD'), NULL);
INSERT INTO Employee VALUES (1000048, 'Guiomar', 'Alegre', TO_DATE('1978-12-24','YYYY-MM-DD'), 'guiomar.alegre@example.com', '992554162', 'Plaza Ofelia Parra 72 Puerta 7 ', 'Full-Time', 7287.09, TO_DATE('2024-01-19','YYYY-MM-DD'), TO_DATE('2025-02-10','YYYY-MM-DD'));
INSERT INTO Employee VALUES (1000049, 'Paloma', 'Zapata', TO_DATE('1990-03-21','YYYY-MM-DD'), 'paloma.zapata@example.com', '975197505', 'Avenida de Angelino Campos 54 Apt. 48 ', 'Part-Time', 2380.14, TO_DATE('2021-02-15','YYYY-MM-DD'), NULL);
INSERT INTO Employee VALUES (1000050, 'Francisco', 'Cardona', TO_DATE('1999-02-13','YYYY-MM-DD'), 'francisco.cardona@example.com', '956275469', 'Urbanización Lucio Castañeda 37', 'Contract', 4907.21, TO_DATE('2022-10-28','YYYY-MM-DD'), NULL);
INSERT INTO Employee VALUES (1000051, 'Jacobo', 'Becerra', TO_DATE('1993-02-01','YYYY-MM-DD'), 'jacobo.becerra@example.com', '950812614', 'Cuesta de Susana Garcés 15 Piso 5 ', 'Contract', 7385.9, TO_DATE('2020-07-31','YYYY-MM-DD'), NULL);
INSERT INTO Employee VALUES (1000052, 'Natalio', 'Pareja', TO_DATE('1974-09-10','YYYY-MM-DD'), 'natalio.pareja@example.com', '995010061', 'Cañada de Edu Moles 373', 'Full-Time', 4884.27, TO_DATE('2024-02-13','YYYY-MM-DD'), NULL);
INSERT INTO Employee VALUES (1000053, 'Blanca', 'Salas', TO_DATE('1981-05-16','YYYY-MM-DD'), 'blanca.salas@example.com', '969465639', 'Avenida Horacio Barceló 34 Apt. 85 ', 'Part-Time', 3157.7, TO_DATE('2020-07-13','YYYY-MM-DD'), TO_DATE('2024-12-18','YYYY-MM-DD'));
INSERT INTO Employee VALUES (1000054, 'Alcides', 'Oliva', TO_DATE('1996-07-20','YYYY-MM-DD'), 'alcides.oliva@example.com', '904491821', 'Acceso Emiliana Laguna 52 Apt. 20 ', 'Contract', 4578.48, TO_DATE('2022-10-28','YYYY-MM-DD'), NULL);
INSERT INTO Employee VALUES (1000055, 'Luciana', 'Puente', TO_DATE('1993-07-29','YYYY-MM-DD'), 'luciana.puente@example.com', '977314045', 'Pasadizo de Clara Mancebo 7 Puerta 1 ', 'Part-Time', 3310.39, TO_DATE('2020-01-11','YYYY-MM-DD'), NULL);
INSERT INTO Employee VALUES (1000056, 'Inocencio', 'Elías', TO_DATE('1992-05-23','YYYY-MM-DD'), 'inocencio.elías@example.com', '969196373', 'Alameda Abraham Amigó 117', 'Contract', 7341.91, TO_DATE('2019-06-18','YYYY-MM-DD'), NULL);
INSERT INTO Employee VALUES (1000057, 'María Cristina', 'Solana', TO_DATE('1987-06-03','YYYY-MM-DD'), 'maría cristina.solana@example.com', '936839053', 'Pasaje Chuy Rincón 3', 'Part-Time', 6646.52, TO_DATE('2023-05-07','YYYY-MM-DD'), NULL);
INSERT INTO Employee VALUES (1000058, 'Gerónimo', 'Teruel', TO_DATE('1990-02-05','YYYY-MM-DD'), 'gerónimo.teruel@example.com', '991058113', 'Pasaje Isabela Orozco 26 Apt. 41 ', 'Full-Time', 3748.8, TO_DATE('2019-12-03','YYYY-MM-DD'), NULL);
INSERT INTO Employee VALUES (1000059, 'Urbano', 'Rodrigo', TO_DATE('1989-06-17','YYYY-MM-DD'), 'urbano.rodrigo@example.com', '995901949', 'Avenida Esther Bustos 81', 'Contract', 5383.31, TO_DATE('2017-05-05','YYYY-MM-DD'), NULL);
INSERT INTO Employee VALUES (1000060, 'Marcelino', 'Múñiz', TO_DATE('2001-01-11','YYYY-MM-DD'), 'marcelino.múñiz@example.com', '948544948', 'Camino Reyes Casals 11 Piso 9 ', 'Full-Time', 1702.91, TO_DATE('2023-10-23','YYYY-MM-DD'), NULL);
INSERT INTO Employee VALUES (1000061, 'Porfirio', 'Morillo', TO_DATE('1998-08-14','YYYY-MM-DD'), 'porfirio.morillo@example.com', '961865975', 'Cañada de Isaías Amador 2 Apt. 18 ', 'Contract', 3681.31, TO_DATE('2024-05-21','YYYY-MM-DD'), NULL);
INSERT INTO Employee VALUES (1000062, 'Zoraida', 'Garcés', TO_DATE('2001-07-13','YYYY-MM-DD'), 'zoraida.garcés@example.com', '925209422', 'Rambla de Valentín León 77', 'Full-Time', 2720.08, TO_DATE('2016-03-14','YYYY-MM-DD'), NULL);
INSERT INTO Employee VALUES (1000063, 'Emigdio', 'Jódar', TO_DATE('2003-07-29','YYYY-MM-DD'), 'emigdio.jódar@example.com', '991803022', 'Rambla Yésica Sandoval 11', 'Contract', 6772.7, TO_DATE('2021-05-09','YYYY-MM-DD'), NULL);
INSERT INTO Employee VALUES (1000064, 'Eli', 'Castrillo', TO_DATE('1991-02-21','YYYY-MM-DD'), 'eli.castrillo@example.com', '995512244', 'Callejón de Amílcar España 891 Apt. 93 ', 'Full-Time', 4825.97, TO_DATE('2017-01-21','YYYY-MM-DD'), NULL);
INSERT INTO Employee VALUES (1000065, 'Silvestre', 'Moya', TO_DATE('1972-11-29','YYYY-MM-DD'), 'silvestre.moya@example.com', '998534666', 'Pasaje Alba Carretero 5 Apt. 38 ', 'Full-Time', 5504.33, TO_DATE('2017-05-03','YYYY-MM-DD'), NULL);
INSERT INTO Employee VALUES (1000066, 'Tere', 'Palacio', TO_DATE('1992-08-30','YYYY-MM-DD'), 'tere.palacio@example.com', '931522463', 'Cañada Crescencia Bonet 6', 'Part-Time', 2846.1, TO_DATE('2024-03-09','YYYY-MM-DD'), NULL);
INSERT INTO Employee VALUES (1000067, 'Delfina', 'Fortuny', TO_DATE('1997-12-17','YYYY-MM-DD'), 'delfina.fortuny@example.com', '988884254', 'Avenida Carina Goñi 3 Puerta 4 ', 'Full-Time', 5562.93, TO_DATE('2018-03-21','YYYY-MM-DD'), NULL);
INSERT INTO Employee VALUES (1000068, 'Mar', 'Alfaro', TO_DATE('1982-10-11','YYYY-MM-DD'), 'mar.alfaro@example.com', '917720299', 'Glorieta Borja Maza 41 Puerta 8 ', 'Contract', 3677.67, TO_DATE('2024-05-04','YYYY-MM-DD'), TO_DATE('2025-10-22','YYYY-MM-DD'));
INSERT INTO Employee VALUES (1000069, 'Anita', 'Tenorio', TO_DATE('1992-12-14','YYYY-MM-DD'), 'anita.tenorio@example.com', '998373422', 'Pasadizo Andrés Felipe Verdú 10', 'Part-Time', 2072.63, TO_DATE('2024-04-29','YYYY-MM-DD'), NULL);
INSERT INTO Employee VALUES (1000070, 'Joaquín', 'Nebot', TO_DATE('2003-11-14','YYYY-MM-DD'), 'joaquín.nebot@example.com', '958095820', 'C. Gaspar Feijoo 33 Piso 9 ', 'Contract', 6421.87, TO_DATE('2024-09-04','YYYY-MM-DD'), NULL);
INSERT INTO Employee VALUES (1000071, 'Jose Manuel', 'Peláez', TO_DATE('1990-05-21','YYYY-MM-DD'), 'jose manuel.pel@example.com', '927899770', 'Via Yésica Casanovas 821', 'Contract', 2770.45, TO_DATE('2019-12-25','YYYY-MM-DD'), NULL);
INSERT INTO Employee VALUES (1000072, 'Marco', 'Lago', TO_DATE('1972-12-12','YYYY-MM-DD'), 'marco.lago@example.com', '970653989', 'Via de Juan Bautista Lluch 69', 'Full-Time', 5099.31, TO_DATE('2019-04-15','YYYY-MM-DD'), NULL);
INSERT INTO Employee VALUES (1000073, 'Rosa María', 'Jover', TO_DATE('1980-07-14','YYYY-MM-DD'), 'rosa maría.jover@example.com', '914948734', 'Acceso de Gertrudis Morales 99 Puerta 6 ', 'Full-Time', 5905.1, TO_DATE('2017-11-12','YYYY-MM-DD'), NULL);
INSERT INTO Employee VALUES (1000074, 'Angelina', 'Padilla', TO_DATE('1974-01-08','YYYY-MM-DD'), 'angelina.padilla@example.com', '942153716', 'Calle Toribio Jódar 19 Apt. 02 ', 'Contract', 7986.21, TO_DATE('2023-08-10','YYYY-MM-DD'), NULL);
INSERT INTO Employee VALUES (1000075, 'Antonia', 'Cazorla', TO_DATE('1975-10-05','YYYY-MM-DD'), 'antonia.cazorla@example.com', '978083985', 'Plaza Julio César Millán 30 Apt. 97 ', 'Contract', 3606.33, TO_DATE('2017-02-17','YYYY-MM-DD'), NULL);
INSERT INTO Employee VALUES (1000076, 'Adrián', 'Escalona', TO_DATE('1985-03-14','YYYY-MM-DD'), 'adrián.escalona@example.com', '994361073', 'Calle de Rosa Goicoechea 611 Piso 1 ', 'Contract', 6057.61, TO_DATE('2016-08-27','YYYY-MM-DD'), TO_DATE('2022-12-10','YYYY-MM-DD'));
INSERT INTO Employee VALUES (1000077, 'Ibán', 'Robles', TO_DATE('1989-05-24','YYYY-MM-DD'), 'ibán.robles@example.com', '954520106', 'Cuesta de Leandra Bayona 242 Apt. 75 ', 'Full-Time', 6198.2, TO_DATE('2023-09-15','YYYY-MM-DD'), NULL);
INSERT INTO Employee VALUES (1000078, 'Mario', 'Vergara', TO_DATE('1977-08-28','YYYY-MM-DD'), 'mario.vergara@example.com', '910861327', 'Pasadizo Belen Aller 24 Apt. 23 ', 'Full-Time', 2539.86, TO_DATE('2022-03-02','YYYY-MM-DD'), NULL);
INSERT INTO Employee VALUES (1000079, 'Leocadio', 'Higueras', TO_DATE('2002-09-30','YYYY-MM-DD'), 'leocadio.higueras@example.com', '977143314', 'Urbanización Leandra Ramírez 64 Piso 8 ', 'Part-Time', 3685.25, TO_DATE('2017-07-22','YYYY-MM-DD'), NULL);
INSERT INTO Employee VALUES (1000080, 'Violeta', 'Checa', TO_DATE('1978-07-26','YYYY-MM-DD'), 'violeta.checa@example.com', '911149447', 'C. de Sabina Huerta 985', 'Full-Time', 4361.76, TO_DATE('2021-11-01','YYYY-MM-DD'), NULL);
INSERT INTO Employee VALUES (1000081, 'Quique', 'Ochoa', TO_DATE('2001-05-30','YYYY-MM-DD'), 'quique.ochoa@example.com', '977346084', 'Vial de Violeta Casals 4', 'Full-Time', 3453.51, TO_DATE('2024-07-24','YYYY-MM-DD'), NULL);
INSERT INTO Employee VALUES (1000082, 'Hilario', 'Carreño', TO_DATE('1996-08-14','YYYY-MM-DD'), 'hilario.carreño@example.com', '970093569', 'C. de Amando Piña 61', 'Full-Time', 6486.65, TO_DATE('2020-04-30','YYYY-MM-DD'), NULL);
INSERT INTO Employee VALUES (1000083, 'Consuelo', 'Llopis', TO_DATE('1997-03-31','YYYY-MM-DD'), 'consuelo.llopis@example.com', '947362195', 'Rambla Amando Ballesteros 48', 'Full-Time', 4014.65, TO_DATE('2021-10-14','YYYY-MM-DD'), NULL);
INSERT INTO Employee VALUES (1000084, 'Bienvenida', 'Uribe', TO_DATE('1999-05-27','YYYY-MM-DD'), 'bienvenida.uribe@example.com', '957224110', 'C. Germán Arranz 54', 'Full-Time', 2137.39, TO_DATE('2017-09-07','YYYY-MM-DD'), NULL);
INSERT INTO Employee VALUES (1000085, 'Leocadia', 'Rius', TO_DATE('2004-12-18','YYYY-MM-DD'), 'leocadia.rius@example.com', '985621441', 'Cañada de Cirino Rivero 983 Apt. 17 ', 'Part-Time', 4457.11, TO_DATE('2018-07-08','YYYY-MM-DD'), NULL);
INSERT INTO Employee VALUES (1000086, 'Renato', 'Leal', TO_DATE('1992-02-11','YYYY-MM-DD'), 'renato.leal@example.com', '989011153', 'Paseo de Odalis Galván 2 Apt. 75 ', 'Full-Time', 5918.53, TO_DATE('2018-02-20','YYYY-MM-DD'), NULL);
INSERT INTO Employee VALUES (1000087, 'Juan Carlos', 'Barrio', TO_DATE('1979-12-11','YYYY-MM-DD'), 'juan carlos.barrio@example.com', '984151444', 'Calle Pascual Marin 73 Apt. 18 ', 'Full-Time', 7342.27, TO_DATE('2024-01-06','YYYY-MM-DD'), NULL);
INSERT INTO Employee VALUES (1000088, 'Gregorio', 'Lara', TO_DATE('1976-09-11','YYYY-MM-DD'), 'gregorio.lara@example.com', '939446543', 'Plaza de Victor Mur 56 Puerta 2 ', 'Contract', 6444.17, TO_DATE('2018-05-25','YYYY-MM-DD'), NULL);
INSERT INTO Employee VALUES (1000089, 'Virginia', 'Torres', TO_DATE('1986-12-12','YYYY-MM-DD'), 'virginia.torres@example.com', '913103928', 'Callejón Marcia Fuente 839 Apt. 52 ', 'Full-Time', 3762.82, TO_DATE('2023-08-18','YYYY-MM-DD'), NULL);
INSERT INTO Employee VALUES (1000090, 'Raúl', 'Pinilla', TO_DATE('1970-11-16','YYYY-MM-DD'), 'raúl.pinilla@example.com', '970332243', 'Alameda de Tecla Botella 71 Piso 1 ', 'Part-Time', 3822.55, TO_DATE('2017-07-31','YYYY-MM-DD'), NULL);
INSERT INTO Employee VALUES (1000091, 'Felipa', 'Barreda', TO_DATE('1984-08-07','YYYY-MM-DD'), 'felipa.barreda@example.com', '920223199', 'Pasaje de Baudelio Vidal 67', 'Part-Time', 3019.93, TO_DATE('2021-01-14','YYYY-MM-DD'), TO_DATE('2025-03-07','YYYY-MM-DD'));
INSERT INTO Employee VALUES (1000092, 'Noa', 'Llano', TO_DATE('1978-04-17','YYYY-MM-DD'), 'noa.llano@example.com', '902490804', 'Paseo de Teodosio Giralt 4', 'Contract', 3306.67, TO_DATE('2023-08-19','YYYY-MM-DD'), NULL);
INSERT INTO Employee VALUES (1000093, 'Tania', 'Sanabria', TO_DATE('1993-11-10','YYYY-MM-DD'), 'tania.sanabria@example.com', '989024055', 'Urbanización Belén Iglesia 56', 'Full-Time', 7259.95, TO_DATE('2024-03-30','YYYY-MM-DD'), NULL);
INSERT INTO Employee VALUES (1000094, 'Chelo', 'Boix', TO_DATE('1971-06-17','YYYY-MM-DD'), 'chelo.boix@example.com', '973618495', 'Urbanización Pía Cadenas 99 Piso 9 ', 'Contract', 3840.17, TO_DATE('2015-11-20','YYYY-MM-DD'), NULL);
INSERT INTO Employee VALUES (1000095, 'Edelmiro', 'Valcárcel', TO_DATE('1997-08-02','YYYY-MM-DD'), 'edelmiro.val@example.com', '944208241', 'Avenida Corona Berrocal 51 Puerta 8 ', 'Contract', 5829.37, TO_DATE('2023-05-21','YYYY-MM-DD'), NULL);
INSERT INTO Employee VALUES (1000096, 'Nazaret', 'Arribas', TO_DATE('1970-04-12','YYYY-MM-DD'), 'nazaret.arribas@example.com', '983795282', 'Acceso Lupita Olivera 94', 'Contract', 7213.85, TO_DATE('2018-10-09','YYYY-MM-DD'), NULL);
INSERT INTO Employee VALUES (1000097, 'Aurora', 'Arrieta', TO_DATE('1979-03-05','YYYY-MM-DD'), 'aurora.arrieta@example.com', '923617526', 'Camino de Gaspar Almagro 6 Puerta 4 ', 'Part-Time', 2049.07, TO_DATE('2019-10-28','YYYY-MM-DD'), NULL);
INSERT INTO Employee VALUES (1000098, 'Domitila', 'Bas', TO_DATE('1973-02-19','YYYY-MM-DD'), 'domitila.bas@example.com', '997183029', 'Pasaje de Reinaldo Ureña 6 Puerta 4 ', 'Part-Time', 4932.01, TO_DATE('2018-08-04','YYYY-MM-DD'), TO_DATE('2024-02-17','YYYY-MM-DD'));
INSERT INTO Employee VALUES (1000099, 'Luís', 'Ugarte', TO_DATE('1998-07-05','YYYY-MM-DD'), 'luís.ugarte@example.com', '989578805', 'Urbanización de Amado Acosta 10', 'Full-Time', 3722.31, TO_DATE('2023-05-01','YYYY-MM-DD'), NULL);
INSERT INTO Employee VALUES (1000100, 'Primitivo', 'Lladó', TO_DATE('1989-07-20','YYYY-MM-DD'), 'primitivo.lladó@example.com', '982973862', 'Ronda de Jordi Ferrero 27 Puerta 3 ', 'Full-Time', 2759.35, TO_DATE('2023-05-03','YYYY-MM-DD'), NULL);
 
-- ACTIVITY
 
INSERT INTO Activity VALUES (5000001, 'Capacitación en Seguridad Industrial', 'Training', TO_DATE('2025-07-23','YYYY-MM-DD'));
INSERT INTO Activity VALUES (5000002, 'Seminario sobre Gestión Ambiental', 'Seminar', TO_DATE('2025-06-22','YYYY-MM-DD'));
INSERT INTO Activity VALUES (5000003, 'Trabajo de Campo en Comunidad Rural', 'Field Work', TO_DATE('2023-03-19','YYYY-MM-DD'));
INSERT INTO Activity VALUES (5000004, 'Evaluación de Proyectos Locales', 'Field Work', TO_DATE('2023-08-02','YYYY-MM-DD'));
INSERT INTO Activity VALUES (5000005, 'Entrenamiento en Herramientas Digitales', 'Training', TO_DATE('2022-12-26','YYYY-MM-DD'));
INSERT INTO Activity VALUES (5000006, 'Capacitación en Seguridad Laboral', 'Training', TO_DATE('2024-12-20','YYYY-MM-DD'));
INSERT INTO Activity VALUES (5000007, 'Seminario de Innovación Social', 'Seminar', TO_DATE('2025-03-25','YYYY-MM-DD'));
INSERT INTO Activity VALUES (5000008, 'Foro de Desarrollo Sostenible', 'Seminar', TO_DATE('2025-04-03','YYYY-MM-DD'));
INSERT INTO Activity VALUES (5000009, 'Conferencia sobre Educación Ambiental', 'Seminar', TO_DATE('2025-01-04','YYYY-MM-DD'));
INSERT INTO Activity VALUES (5000010, 'Proyecto de Reforestación en la Sierra', 'Field Work', TO_DATE('2023-07-23','YYYY-MM-DD'));
INSERT INTO Activity VALUES (5000011, 'Taller de Sostenibilidad y Reciclaje', 'Workshop', TO_DATE('2023-08-22','YYYY-MM-DD'));
INSERT INTO Activity VALUES (5000012, 'Entrenamiento en Gestión de Riesgos', 'Training', TO_DATE('2023-02-18','YYYY-MM-DD'));
INSERT INTO Activity VALUES (5000013, 'Seminario sobre Energías Renovables', 'Seminar', TO_DATE('2024-12-13','YYYY-MM-DD'));
INSERT INTO Activity VALUES (5000014, 'Foro sobre Innovación y Tecnología', 'Seminar', TO_DATE('2024-10-30','YYYY-MM-DD'));
INSERT INTO Activity VALUES (5000015, 'Muestreo Ambiental en Zona Urbana', 'Field Work', TO_DATE('2024-12-20','YYYY-MM-DD'));
INSERT INTO Activity VALUES (5000016, 'Capacitación en Liderazgo Comunitario', 'Training', TO_DATE('2023-01-05','YYYY-MM-DD'));
INSERT INTO Activity VALUES (5000017, 'Formación en Primeros Auxilios', 'Training', TO_DATE('2025-06-02','YYYY-MM-DD'));
INSERT INTO Activity VALUES (5000018, 'Trabajo de Campo en Biodiversidad', 'Field Work', TO_DATE('2023-12-30','YYYY-MM-DD'));
INSERT INTO Activity VALUES (5000019, 'Evaluación de Impacto Social', 'Field Work', TO_DATE('2024-07-27','YYYY-MM-DD'));
INSERT INTO Activity VALUES (5000020, 'Capacitación en Gestión de Proyectos', 'Training', TO_DATE('2023-11-24','YYYY-MM-DD'));
 
-- VOLUNTEER
 
INSERT INTO Volunteer VALUES (2000001, 'Chuy', 'Moya', TO_DATE('1982-10-20','YYYY-MM-DD'), 'chuy.moya@mail.com', '913393327', 'Active');
INSERT INTO Volunteer VALUES (2000002, 'Zoraida', 'Sabater', TO_DATE('1987-07-06','YYYY-MM-DD'), 'zoraida.sabater@mail.com', '960110296', 'Active');
INSERT INTO Volunteer VALUES (2000003, 'Pedro', 'Valbuena', TO_DATE('1981-06-06','YYYY-MM-DD'), 'pedro.valbuena@mail.com', '952814912', 'Active');
INSERT INTO Volunteer VALUES (2000004, 'Cintia', 'Pulido', TO_DATE('1996-06-12','YYYY-MM-DD'), 'cintia.pulido@mail.com', '915548202', 'Inactive');
INSERT INTO Volunteer VALUES (2000005, 'Jafet', 'Aragonés', TO_DATE('1987-01-10','YYYY-MM-DD'), 'jafet.aragonés@mail.com', '995660658', 'Active');
INSERT INTO Volunteer VALUES (2000006, 'María Dolores', 'Chico', TO_DATE('1983-09-01','YYYY-MM-DD'), 'maría dolores.chico@mail.com', '905632075', 'Active');
INSERT INTO Volunteer VALUES (2000007, 'Bárbara', 'Guijarro', TO_DATE('2003-07-05','YYYY-MM-DD'), 'bárbara.guijarro@mail.com', '903531257', 'Active');
INSERT INTO Volunteer VALUES (2000008, 'Ileana', 'Gilabert', TO_DATE('2005-10-02','YYYY-MM-DD'), 'ileana.gilabert@mail.com', '934842729', 'Inactive');
INSERT INTO Volunteer VALUES (2000009, 'Hernán', 'León', TO_DATE('1996-06-20','YYYY-MM-DD'), 'hernán.león@mail.com', '986639260', 'Inactive');
INSERT INTO Volunteer VALUES (2000010, 'Isaura', 'Escobar', TO_DATE('2001-01-06','YYYY-MM-DD'), 'isaura.escobar@mail.com', '929515297', 'Inactive');
INSERT INTO Volunteer VALUES (2000011, 'Juliana', 'Garcés', TO_DATE('1987-07-29','YYYY-MM-DD'), 'juliana.garcés@mail.com', '950831468', 'Inactive');
INSERT INTO Volunteer VALUES (2000012, 'Marisela', 'Madrid', TO_DATE('1985-09-11','YYYY-MM-DD'), 'marisela.madrid@mail.com', '907673541', 'Inactive');
INSERT INTO Volunteer VALUES (2000013, 'Pía', 'Mármol', TO_DATE('1998-07-01','YYYY-MM-DD'), 'pía.mármol@mail.com', '951774345', 'Inactive');
INSERT INTO Volunteer VALUES (2000014, 'Joaquín', 'Artigas', TO_DATE('2004-01-26','YYYY-MM-DD'), 'joaquín.artigas@mail.com', '997702434', 'Active');
INSERT INTO Volunteer VALUES (2000015, 'Jaime', 'Prieto', TO_DATE('1996-09-26','YYYY-MM-DD'), 'jaime.prieto@mail.com', '957458500', 'Inactive');
INSERT INTO Volunteer VALUES (2000016, 'Leoncio', 'Gutiérrez', TO_DATE('1996-01-17','YYYY-MM-DD'), 'leoncio.gutiérrez@mail.com', '959968946', 'Active');
INSERT INTO Volunteer VALUES (2000017, 'Yaiza', 'Morán', TO_DATE('1985-09-15','YYYY-MM-DD'), 'yaiza.morán@mail.com', '909220826', 'Inactive');
INSERT INTO Volunteer VALUES (2000018, 'Roxana', 'Navas', TO_DATE('1995-12-22','YYYY-MM-DD'), 'roxana.navas@mail.com', '952673623', 'Active');
INSERT INTO Volunteer VALUES (2000019, 'Jafet', 'Cuesta', TO_DATE('1975-04-20','YYYY-MM-DD'), 'jafet.cuesta@mail.com', '923487547', 'Inactive');
INSERT INTO Volunteer VALUES (2000020, 'Raúl', 'Arco', TO_DATE('1997-10-30','YYYY-MM-DD'), 'raúl.arco@mail.com', '987807193', 'Inactive');
INSERT INTO Volunteer VALUES (2000021, 'Araceli', 'Villanueva', TO_DATE('2005-08-14','YYYY-MM-DD'), 'araceli.villanueva@mail.com', '948560923', 'Active');
INSERT INTO Volunteer VALUES (2000022, 'Jose Ramón', 'Páez', TO_DATE('2003-01-03','YYYY-MM-DD'), 'jose ramón.páez@mail.com', '962300477', 'Inactive');
INSERT INTO Volunteer VALUES (2000023, 'Febe', 'Porras', TO_DATE('1978-03-14','YYYY-MM-DD'), 'febe.porras@mail.com', '901530245', 'Active');
INSERT INTO Volunteer VALUES (2000024, 'María Pilar', 'Simó', TO_DATE('1988-02-03','YYYY-MM-DD'), 'maría pilar.simó@mail.com', '925532966', 'Active');
INSERT INTO Volunteer VALUES (2000025, 'Adrián', 'Hernando', TO_DATE('2001-01-06','YYYY-MM-DD'), 'adrián.hernando@mail.com', '939192790', 'Active');
INSERT INTO Volunteer VALUES (2000026, 'Coral', 'Calderón', TO_DATE('1980-02-28','YYYY-MM-DD'), 'coral.calderón@mail.com', '942410096', 'Inactive');
INSERT INTO Volunteer VALUES (2000027, 'Miriam', 'Peiró', TO_DATE('1982-08-16','YYYY-MM-DD'), 'miriam.peiró@mail.com', '973589330', 'Inactive');
INSERT INTO Volunteer VALUES (2000028, 'Roberta', 'Lladó', TO_DATE('1980-05-09','YYYY-MM-DD'), 'roberta.lladó@mail.com', '944234201', 'Inactive');
INSERT INTO Volunteer VALUES (2000029, 'Julieta', 'Valderrama', TO_DATE('1984-10-20','YYYY-MM-DD'), 'julieta.valderrama@mail.com', '981477580', 'Inactive');
INSERT INTO Volunteer VALUES (2000030, 'Mateo', 'Diego', TO_DATE('1979-09-26','YYYY-MM-DD'), 'mateo.diego@mail.com', '956222440', 'Active');
INSERT INTO Volunteer VALUES (2000031, 'Wilfredo', 'Vera', TO_DATE('1988-10-27','YYYY-MM-DD'), 'wilfredo.vera@mail.com', '948828622', 'Active');
INSERT INTO Volunteer VALUES (2000032, 'Sancho', 'Múñiz', TO_DATE('1999-11-06','YYYY-MM-DD'), 'sancho.múñiz@mail.com', '982388888', 'Active');
INSERT INTO Volunteer VALUES (2000033, 'Ángeles', 'Terrón', TO_DATE('1977-06-17','YYYY-MM-DD'), 'ángeles.terrón@mail.com', '953729973', 'Active');
INSERT INTO Volunteer VALUES (2000034, 'Ángela', 'Mas', TO_DATE('1989-12-03','YYYY-MM-DD'), 'ángela.mas@mail.com', '985287617', 'Active');
INSERT INTO Volunteer VALUES (2000035, 'Epifanio', 'Martinez', TO_DATE('1988-04-16','YYYY-MM-DD'), 'epifanio.martinez@mail.com', '904300973', 'Inactive');
INSERT INTO Volunteer VALUES (2000036, 'Sancho', 'Balaguer', TO_DATE('1983-12-06','YYYY-MM-DD'), 'sancho.balaguer@mail.com', '974457078', 'Active');
INSERT INTO Volunteer VALUES (2000037, 'Balduino', 'Arias', TO_DATE('1984-08-17','YYYY-MM-DD'), 'balduino.arias@mail.com', '940337627', 'Inactive');
INSERT INTO Volunteer VALUES (2000038, 'Luciano', 'Coll', TO_DATE('2000-01-30','YYYY-MM-DD'), 'luciano.coll@mail.com', '955109949', 'Active');
INSERT INTO Volunteer VALUES (2000039, 'Berta', 'Gallego', TO_DATE('2003-03-26','YYYY-MM-DD'), 'berta.gallego@mail.com', '935951230', 'Active');
INSERT INTO Volunteer VALUES (2000040, 'Chita', 'Colom', TO_DATE('2005-01-06','YYYY-MM-DD'), 'chita.colom@mail.com', '974288216', 'Active');
INSERT INTO Volunteer VALUES (2000041, 'Calixto', 'Borrego', TO_DATE('1983-07-18','YYYY-MM-DD'), 'calixto.borrego@mail.com', '981929414', 'Inactive');
INSERT INTO Volunteer VALUES (2000042, 'Antonio', 'Garrido', TO_DATE('1982-03-30','YYYY-MM-DD'), 'antonio.garrido@mail.com', '934057958', 'Inactive');
INSERT INTO Volunteer VALUES (2000043, 'Mario', 'Barberá', TO_DATE('1996-06-01','YYYY-MM-DD'), 'mario.barberá@mail.com', '925840850', 'Inactive');
INSERT INTO Volunteer VALUES (2000044, 'Pancho', 'Sastre', TO_DATE('1987-07-06','YYYY-MM-DD'), 'pancho.sastre@mail.com', '952217865', 'Active');
INSERT INTO Volunteer VALUES (2000045, 'Angelita', 'Pera', TO_DATE('2002-08-15','YYYY-MM-DD'), 'angelita.pera@mail.com', '985643649', 'Inactive');
INSERT INTO Volunteer VALUES (2000046, 'Vasco', 'Padilla', TO_DATE('1993-06-17','YYYY-MM-DD'), 'vasco.padilla@mail.com', '980524747', 'Inactive');
INSERT INTO Volunteer VALUES (2000047, 'Corona', 'Arroyo', TO_DATE('1987-02-08','YYYY-MM-DD'), 'corona.arroyo@mail.com', '979868238', 'Active');
INSERT INTO Volunteer VALUES (2000048, 'Octavia', 'Segovia', TO_DATE('2005-04-23','YYYY-MM-DD'), 'octavia.segovia@mail.com', '974037645', 'Inactive');
INSERT INTO Volunteer VALUES (2000049, 'Borja', 'Gaya', TO_DATE('1997-03-05','YYYY-MM-DD'), 'borja.gaya@mail.com', '935942146', 'Inactive');
INSERT INTO Volunteer VALUES (2000050, 'Maribel', 'Landa', TO_DATE('1983-01-09','YYYY-MM-DD'), 'maribel.landa@mail.com', '919700143', 'Inactive');
 
--Funding
 
INSERT INTO Funding VALUES (7000001, 'Grant', 16605.42, 'EUR', TO_DATE('2022-02-01','YYYY-MM-DD'));
INSERT INTO Funding VALUES (7000002, 'Donation', 62122.93, 'USD', TO_DATE('2021-03-18','YYYY-MM-DD'));
INSERT INTO Funding VALUES (7000003, 'Subsidy', 92483.1, 'EUR', TO_DATE('2020-05-11','YYYY-MM-DD'));
INSERT INTO Funding VALUES (7000004, 'Subsidy', 77546.28, 'USD', TO_DATE('2021-05-14','YYYY-MM-DD'));
INSERT INTO Funding VALUES (7000005, 'Donation', 56749.2, 'USD', TO_DATE('2023-05-31','YYYY-MM-DD'));
INSERT INTO Funding VALUES (7000006, 'Grant', 37904.96, 'PEN', TO_DATE('2020-01-31','YYYY-MM-DD'));
INSERT INTO Funding VALUES (7000007, 'Subsidy', 36595.75, 'EUR', TO_DATE('2018-03-14','YYYY-MM-DD'));
INSERT INTO Funding VALUES (7000008, 'Subsidy', 15236.96, 'EUR', TO_DATE('2021-05-11','YYYY-MM-DD'));
INSERT INTO Funding VALUES (7000009, 'Grant', 66787.91, 'PEN', TO_DATE('2022-10-29','YYYY-MM-DD'));
INSERT INTO Funding VALUES (7000010, 'Grant', 14870.63, 'EUR', TO_DATE('2020-01-29','YYYY-MM-DD'));
INSERT INTO Funding VALUES (7000011, 'Subsidy', 54360.58, 'USD', TO_DATE('2018-08-23','YYYY-MM-DD'));
INSERT INTO Funding VALUES (7000012, 'Subsidy', 30049.51, 'USD', TO_DATE('2019-10-05','YYYY-MM-DD'));
INSERT INTO Funding VALUES (7000013, 'Donation', 44500.66, 'USD', TO_DATE('2024-09-26','YYYY-MM-DD'));
INSERT INTO Funding VALUES (7000014, 'Subsidy', 40703.83, 'USD', TO_DATE('2018-02-06','YYYY-MM-DD'));
INSERT INTO Funding VALUES (7000015, 'Subsidy', 80189.56, 'PEN', TO_DATE('2024-11-06','YYYY-MM-DD'));
INSERT INTO Funding VALUES (7000016, 'Donation', 23362.21, 'USD', TO_DATE('2022-10-21','YYYY-MM-DD'));
INSERT INTO Funding VALUES (7000017, 'Grant', 82959.02, 'PEN', TO_DATE('2020-10-17','YYYY-MM-DD'));
INSERT INTO Funding VALUES (7000018, 'Donation', 34090.59, 'EUR', TO_DATE('2025-08-21','YYYY-MM-DD'));
INSERT INTO Funding VALUES (7000019, 'Grant', 24511.07, 'USD', TO_DATE('2022-09-10','YYYY-MM-DD'));
INSERT INTO Funding VALUES (7000020, 'Grant', 8371.47, 'USD', TO_DATE('2022-08-28','YYYY-MM-DD'));
INSERT INTO Funding VALUES (7000021, 'Donation', 73230.25, 'PEN', TO_DATE('2021-09-11','YYYY-MM-DD'));
INSERT INTO Funding VALUES (7000022, 'Grant', 72294.85, 'PEN', TO_DATE('2023-12-30','YYYY-MM-DD'));
INSERT INTO Funding VALUES (7000023, 'Grant', 58622.71, 'EUR', TO_DATE('2020-11-26','YYYY-MM-DD'));
INSERT INTO Funding VALUES (7000024, 'Subsidy', 64408.26, 'EUR', TO_DATE('2023-02-10','YYYY-MM-DD'));
INSERT INTO Funding VALUES (7000025, 'Donation', 33837.7, 'EUR', TO_DATE('2019-12-28','YYYY-MM-DD'));
INSERT INTO Funding VALUES (7000026, 'Donation', 16633.74, 'PEN', TO_DATE('2019-07-03','YYYY-MM-DD'));
INSERT INTO Funding VALUES (7000027, 'Donation', 42004.16, 'USD', TO_DATE('2022-12-11','YYYY-MM-DD'));
INSERT INTO Funding VALUES (7000028, 'Grant', 49034.22, 'EUR', TO_DATE('2023-01-29','YYYY-MM-DD'));
INSERT INTO Funding VALUES (7000029, 'Grant', 75382.17, 'PEN', TO_DATE('2021-12-26','YYYY-MM-DD'));
INSERT INTO Funding VALUES (7000030, 'Donation', 79930.06, 'PEN', TO_DATE('2018-05-17','YYYY-MM-DD'));
 
--Indicator
 
INSERT INTO Indicator VALUES (8000001, 'Performance efficiency in Q1 projects', 'PERF-A1', 100, TO_DATE('2019-12-25','YYYY-MM-DD'), 'Qualitative');
INSERT INTO Indicator VALUES (8000002, 'Accuracy level in data collection phase', 'DATA-B4', 98, TO_DATE('2019-11-30','YYYY-MM-DD'), 'Quantitative');
INSERT INTO Indicator VALUES (8000003, 'Participant satisfaction in training events', 'QUAL-C2', 28, TO_DATE('2023-03-04','YYYY-MM-DD'), 'Qualitative');
INSERT INTO Indicator VALUES (8000004, 'Operational efficiency across departments', 'STAT-D7', 83, TO_DATE('2022-01-04','YYYY-MM-DD'), 'Quantitative');
INSERT INTO Indicator VALUES (8000005, 'Improvement in beneficiary communication', 'QUAL-E3', 78, TO_DATE('2018-09-14','YYYY-MM-DD'), 'Qualitative');
INSERT INTO Indicator VALUES (8000006, 'Response accuracy in field evaluations', 'DATA-F1', 23, TO_DATE('2021-10-13','YYYY-MM-DD'), 'Quantitative');
INSERT INTO Indicator VALUES (8000007, 'Data consistency in research activities', 'STAT-G9', 13, TO_DATE('2019-10-18','YYYY-MM-DD'), 'Quantitative');
INSERT INTO Indicator VALUES (8000008, 'Completion rate of assigned reports', 'NUM-H5', 49, TO_DATE('2021-08-01','YYYY-MM-DD'), 'Quantitative');
INSERT INTO Indicator VALUES (8000009, 'Feedback quality from training participants', 'QUAL-I2', 84, TO_DATE('2021-04-28','YYYY-MM-DD'), 'Qualitative');
INSERT INTO Indicator VALUES (8000010, 'Impact perception among local partners', 'QUAL-J7', 88, TO_DATE('2023-04-09','YYYY-MM-DD'), 'Qualitative');
INSERT INTO Indicator VALUES (8000011, 'Clarity of project documentation', 'QUAL-K4', 19, TO_DATE('2021-08-26','YYYY-MM-DD'), 'Qualitative');
INSERT INTO Indicator VALUES (8000012, 'Progress of quantitative milestones', 'DATA-L6', 36, TO_DATE('2019-09-27','YYYY-MM-DD'), 'Quantitative');
INSERT INTO Indicator VALUES (8000013, 'Error ratio in internal data audits', 'STAT-M3', 13, TO_DATE('2018-02-14','YYYY-MM-DD'), 'Quantitative');
INSERT INTO Indicator VALUES (8000014, 'Community engagement effectiveness', 'QUAL-N8', 17, TO_DATE('2019-02-15','YYYY-MM-DD'), 'Qualitative');
INSERT INTO Indicator VALUES (8000015, 'Knowledge retention from workshops', 'QUAL-O1', 73, TO_DATE('2025-12-14','YYYY-MM-DD'), 'Qualitative');
INSERT INTO Indicator VALUES (8000016, 'Level of compliance with project deadlines', 'QUAL-P5', 54, TO_DATE('2024-03-10','YYYY-MM-DD'), 'Qualitative');
INSERT INTO Indicator VALUES (8000017, 'Percentage of targets met by year-end', 'DATA-Q2', 55, TO_DATE('2022-08-27','YYYY-MM-DD'), 'Quantitative');
INSERT INTO Indicator VALUES (8000018, 'Accuracy of monitoring data entries', 'STAT-R6', 43, TO_DATE('2021-06-17','YYYY-MM-DD'), 'Quantitative');
INSERT INTO Indicator VALUES (8000019, 'Productivity rate in field operations', 'NUM-S9', 85, TO_DATE('2022-03-21','YYYY-MM-DD'), 'Quantitative');
INSERT INTO Indicator VALUES (8000020, 'Timeliness of project reporting', 'DATA-T8', 25, TO_DATE('2023-12-27','YYYY-MM-DD'), 'Quantitative');
 
--Location
 
INSERT INTO Location VALUES (10000001, 'Lima', 'Lima', 'Miraflores', 'Peru');
INSERT INTO Location VALUES (10000002, 'Cusco', 'Cusco', 'Santiago', 'Peru');
INSERT INTO Location VALUES (10000003, 'Arequipa', 'Arequipa', 'Cayma', 'Peru');
INSERT INTO Location VALUES (10000004, 'La Libertad', 'Trujillo', 'El Porvenir', 'Peru');
INSERT INTO Location VALUES (10000005, 'Piura', 'Piura', 'Castilla', 'Peru');
INSERT INTO Location VALUES (10000006, 'Junín', 'Huancayo', 'El Tambo', 'Peru');
INSERT INTO Location VALUES (10000007, 'Lambayeque', 'Chiclayo', 'José Leonardo Ortiz', 'Peru');
INSERT INTO Location VALUES (10000008, 'Ancash', 'Huaraz', 'Independencia', 'Peru');
INSERT INTO Location VALUES (10000009, 'Puno', 'Puno', 'Juliaca', 'Peru');
INSERT INTO Location VALUES (10000010, 'Ica', 'Ica', 'La Tinguiña', 'Peru');
INSERT INTO Location VALUES (10000011, 'Tacna', 'Tacna', 'Alto de la Alianza', 'Peru');
INSERT INTO Location VALUES (10000012, 'Loreto', 'Maynas', 'Iquitos', 'Peru');
INSERT INTO Location VALUES (10000013, 'Moquegua', 'Mariscal Nieto', 'Samegua', 'Peru');
INSERT INTO Location VALUES (10000014, 'San Martín', 'Moyobamba', 'Calzada', 'Peru');
INSERT INTO Location VALUES (10000015, 'Tumbes', 'Tumbes', 'Corrales', 'Peru');
INSERT INTO Location VALUES (10000016, 'Antofagasta', 'Antofagasta', 'Mejillones', 'Chile');
INSERT INTO Location VALUES (10000017, 'Buenos Aires', 'La Plata', 'Tolosa', 'Argentina');
INSERT INTO Location VALUES (10000018, 'Guayas', 'Guayaquil', 'Tarqui', 'Ecuador');
INSERT INTO Location VALUES (10000019, 'Cundinamarca', 'Bogotá', 'Usaquén', 'Colombia');
INSERT INTO Location VALUES (10000020, 'São Paulo', 'São Paulo', 'Pinheiros', 'Brasil');
 
--Project
 
INSERT INTO Project VALUES (6000001, 5000017, 7000029, 8000011, 10000019, 'Green Andes Initiative', 'Reforestation and sustainable agriculture program in the Andean highlands to promote biodiversity and reduce erosion.', 66769.12, 'Environment', TO_DATE('2022-03-28','YYYY-MM-DD'), TO_DATE('2022-11-29','YYYY-MM-DD'), 'Planned');
INSERT INTO Project VALUES (6000002, 5000006, 7000019, 8000004, 10000005, 'Digital Inclusion for All', 'Technology training project aimed at providing digital skills to rural teachers and students in underserved regions.', 134297.17, 'Technology', TO_DATE('2019-06-22','YYYY-MM-DD'), TO_DATE('2020-05-04','YYYY-MM-DD'), 'Planned');
INSERT INTO Project VALUES (6000003, 5000016, 7000007, 8000010, 10000003, 'Smart Villages Peru', 'Development of community-based smart technologies to improve access to clean water and energy in rural areas.', 198531.96, 'Technology', TO_DATE('2021-03-27','YYYY-MM-DD'), TO_DATE('2022-02-28','YYYY-MM-DD'), 'Ongoing');
INSERT INTO Project VALUES (6000004, 5000015, 7000024, 8000005, 10000013, 'Education for the Future', 'Teacher capacity-building program that integrates innovative pedagogical tools for inclusive and modern classrooms.', 20182.4, 'Education', TO_DATE('2018-09-07','YYYY-MM-DD'), TO_DATE('2018-11-20','YYYY-MM-DD'), 'Completed');
INSERT INTO Project VALUES (6000005, 5000003, 7000026, 8000005, 10000004, 'Healthy Communities Network', 'Initiative to strengthen healthcare access and preventive programs in marginalized districts.', 126730.66, 'Health', TO_DATE('2022-01-21','YYYY-MM-DD'), TO_DATE('2022-11-09','YYYY-MM-DD'), 'Planned');
INSERT INTO Project VALUES (6000006, 5000019, 7000016, 8000019, 10000001, 'Child Nutrition Initiative', 'Project to combat child malnutrition through education, health campaigns, and nutritional supplements.', 62485.6, 'Health', TO_DATE('2018-10-12','YYYY-MM-DD'), TO_DATE('2019-08-16','YYYY-MM-DD'), 'Planned');
INSERT INTO Project VALUES (6000007, 5000008, 7000029, 8000020, 10000014, 'Health for All', 'Public health program focused on providing mobile clinics and vaccination campaigns in remote communities.', 91751.65, 'Health', TO_DATE('2020-01-03','YYYY-MM-DD'), TO_DATE('2020-11-02','YYYY-MM-DD'), 'Completed');
INSERT INTO Project VALUES (6000008, 5000009, 7000015, 8000015, 10000002, 'Education without Borders', 'International collaboration project that develops digital educational resources for multilingual schools.', 64979.59, 'Education', TO_DATE('2020-11-19','YYYY-MM-DD'), TO_DATE('2021-10-31','YYYY-MM-DD'), 'Planned');
INSERT INTO Project VALUES (6000009, 5000019, 7000001, 8000005, 10000020, 'Community Health Boost', 'Cross-border initiative between Peru and Brazil to train local health workers and improve emergency response.', 78670.05, 'Health', TO_DATE('2021-08-04','YYYY-MM-DD'), TO_DATE('2022-07-15','YYYY-MM-DD'), 'Completed');
INSERT INTO Project VALUES (6000010, 5000004, 7000006, 8000014, 10000011, 'Education First', 'Program supporting digital learning environments and scholarships for high-performing low-income students.', 100610.67, 'Education', TO_DATE('2020-08-08','YYYY-MM-DD'), TO_DATE('2021-06-06','YYYY-MM-DD'), 'Ongoing');
INSERT INTO Project VALUES (6000011, 5000016, 7000014, 8000006, 10000013, 'Clean Air Project', 'Environmental monitoring initiative designed to track and reduce urban air pollution through data-driven strategies.', 28512.01, 'Environment', TO_DATE('2020-05-27','YYYY-MM-DD'), TO_DATE('2020-10-02','YYYY-MM-DD'), 'Planned');
INSERT INTO Project VALUES (6000012, 5000003, 7000028, 8000002, 10000016, 'Healthy Amazonia', 'Health initiative to strengthen local clinics and provide clean water systems in Amazonian communities.', 123601.39, 'Health', TO_DATE('2021-02-20','YYYY-MM-DD'), TO_DATE('2021-07-27','YYYY-MM-DD'), 'Cancelled');
INSERT INTO Project VALUES (6000013, 5000003, 7000023, 8000013, 10000010, 'Tech for Growth', 'Entrepreneurship accelerator project supporting startups developing sustainable and inclusive technologies.', 108186.55, 'Technology', TO_DATE('2018-12-05','YYYY-MM-DD'), TO_DATE('2019-05-17','YYYY-MM-DD'), 'Completed');
INSERT INTO Project VALUES (6000014, 5000016, 7000025, 8000012, 10000015, 'Health Recovery Plan', 'Short-term rehabilitation and psychological support program for communities affected by natural disasters.', 71571.66, 'Health', TO_DATE('2023-12-31','YYYY-MM-DD'), TO_DATE('2024-02-17','YYYY-MM-DD'), 'Cancelled');
INSERT INTO Project VALUES (6000015, 5000014, 7000029, 8000013, 10000009, 'Green Horizons', 'Environmental education and conservation campaign focused on reforestation and waste reduction in schools.', 116678.01, 'Environment', TO_DATE('2023-01-11','YYYY-MM-DD'), TO_DATE('2023-11-29','YYYY-MM-DD'), 'Cancelled');
 
--Resources
 
INSERT INTO Resources VALUES (9000001, 'Climate Data 2019', 'Dataset', 'Carmen', TO_DATE('2019-01-25','YYYY-MM-DD'), 'http://example.com/resource1', 'Chinese');
INSERT INTO Resources VALUES (9000002, 'AI in Education', 'Article', 'María', TO_DATE('2018-12-23','YYYY-MM-DD'), 'http://example.com/resource2', 'English');
INSERT INTO Resources VALUES (9000003, 'Volunteer Handbook', 'Guide', 'María', TO_DATE('2018-01-22','YYYY-MM-DD'), 'http://example.com/resource3', 'English');
INSERT INTO Resources VALUES (9000004, 'Green Planet', 'Book', 'Patricia', TO_DATE('2024-07-24','YYYY-MM-DD'), 'http://example.com/resource4', 'English');
INSERT INTO Resources VALUES (9000005, 'Community Health', 'Guide', 'Verónica', TO_DATE('2020-09-04','YYYY-MM-DD'), 'http://example.com/resource5', 'Spanish');
INSERT INTO Resources VALUES (9000006, 'Leadership Guide', 'Guide', 'Raúl', TO_DATE('2018-08-02','YYYY-MM-DD'), 'http://example.com/resource6', 'Japanese');
INSERT INTO Resources VALUES (9000007, 'Training Manual', 'Guide', 'Carlos', TO_DATE('2016-03-11','YYYY-MM-DD'), 'http://example.com/resource7', 'Spanish');
INSERT INTO Resources VALUES (9000008, 'Innovation Today', 'Book', 'Marco', TO_DATE('2019-05-20','YYYY-MM-DD'), 'http://example.com/resource8', 'English');
INSERT INTO Resources VALUES (9000009, 'Volunteer Impact', 'Guide', 'Andrés', TO_DATE('2020-11-11','YYYY-MM-DD'), 'http://example.com/resource9', 'Spanish');
INSERT INTO Resources VALUES (9000010, 'Health Guidelines', 'Guide', 'Juan', TO_DATE('2022-10-06','YYYY-MM-DD'), 'http://example.com/resource10', 'Russian');
INSERT INTO Resources VALUES (9000011, 'Safety Training', 'Video', 'Verónica', TO_DATE('2022-01-04','YYYY-MM-DD'), 'http://example.com/resource11', 'Chinese');
INSERT INTO Resources VALUES (9000012, 'Peru History', 'Book', 'Carmen', TO_DATE('2021-06-27','YYYY-MM-DD'), 'http://example.com/resource12', 'Spanish');
INSERT INTO Resources VALUES (9000013, 'Agriculture Basics', 'Guide', 'Héctor', TO_DATE('2020-08-29','YYYY-MM-DD'), 'http://example.com/resource13', 'Spanish');
INSERT INTO Resources VALUES (9000014, 'Cultural Studies', 'Article', 'Elena', TO_DATE('2018-09-08','YYYY-MM-DD'), 'http://example.com/resource14', 'Spanish');
INSERT INTO Resources VALUES (9000015, 'Energy Stats', 'Dataset', 'Carmen', TO_DATE('2023-09-08','YYYY-MM-DD'), 'http://example.com/resource15', 'English');
INSERT INTO Resources VALUES (9000016, 'Management Tips', 'Guide', 'Raúl', TO_DATE('2017-05-24','YYYY-MM-DD'), 'http://example.com/resource16', 'Spanish');
INSERT INTO Resources VALUES (9000017, 'Urban Data', 'Dataset', 'Pedro', TO_DATE('2019-03-09','YYYY-MM-DD'), 'http://example.com/resource17', 'English');
INSERT INTO Resources VALUES (9000018, 'Advanced Training', 'Guide', 'Andrés', TO_DATE('2024-12-22','YYYY-MM-DD'), 'http://example.com/resource18', 'English');
INSERT INTO Resources VALUES (9000019, 'Project Toolkit', 'Guide', 'Luis', TO_DATE('2017-03-30','YYYY-MM-DD'), 'http://example.com/resource19', 'English');
INSERT INTO Resources VALUES (9000020, 'Research Data', 'Dataset', 'Carmen', TO_DATE('2021-06-29','YYYY-MM-DD'), 'http://example.com/resource20', 'English');
INSERT INTO Resources VALUES (9000021, 'Global Data', 'Dataset', 'Andrés', TO_DATE('2017-08-09','YYYY-MM-DD'), 'http://example.com/resource21', 'English');
INSERT INTO Resources VALUES (9000022, 'AI Revolution', 'Article', 'Carmen', TO_DATE('2017-06-24','YYYY-MM-DD'), 'http://example.com/resource22', 'English');
INSERT INTO Resources VALUES (9000023, 'Intro to Volunteering', 'Video', 'Raúl', TO_DATE('2016-07-02','YYYY-MM-DD'), 'http://example.com/resource23', 'Spanish');
INSERT INTO Resources VALUES (9000024, 'Digital Workshop', 'Video', 'José', TO_DATE('2016-08-23','YYYY-MM-DD'), 'http://example.com/resource24', 'English');
INSERT INTO Resources VALUES (9000025, 'Civic Education', 'Article', 'Carlos', TO_DATE('2022-12-22','YYYY-MM-DD'), 'http://example.com/resource25', 'Spanish');
INSERT INTO Resources VALUES (9000026, 'Sustainability Talk', 'Video', 'Diana', TO_DATE('2024-12-29','YYYY-MM-DD'), 'http://example.com/resource26', 'English');
INSERT INTO Resources VALUES (9000027, 'Smart Cities', 'Book', 'Héctor', TO_DATE('2023-09-23','YYYY-MM-DD'), 'http://example.com/resource27', 'English');
INSERT INTO Resources VALUES (9000028, 'Cultural Heritage', 'Article', 'Lucía', TO_DATE('2022-02-17','YYYY-MM-DD'), 'http://example.com/resource28', 'Spanish');
INSERT INTO Resources VALUES (9000029, 'Modern Engineering', 'Book', 'Héctor', TO_DATE('2017-11-08','YYYY-MM-DD'), 'http://example.com/resource29', 'Portuguese');
INSERT INTO Resources VALUES (9000030, 'Ethics in Tech', 'Book', 'Elena', TO_DATE('2019-07-10','YYYY-MM-DD'), 'http://example.com/resource30', 'Japanese');
INSERT INTO Resources VALUES (9000031, 'AI Framework', 'Article', 'Carmen', TO_DATE('2018-02-12','YYYY-MM-DD'), 'http://example.com/resource31', 'English');
INSERT INTO Resources VALUES (9000032, 'Crisis Response', 'Article', 'Patricia', TO_DATE('2020-11-17','YYYY-MM-DD'), 'http://example.com/resource32', 'Russian');
INSERT INTO Resources VALUES (9000033, 'Water Quality Data', 'Dataset', 'María', TO_DATE('2021-03-30','YYYY-MM-DD'), 'http://example.com/resource33', 'English');
INSERT INTO Resources VALUES (9000034, 'Disaster Response', 'Video', 'Juan', TO_DATE('2015-02-22','YYYY-MM-DD'), 'http://example.com/resource34', 'English');
INSERT INTO Resources VALUES (9000035, 'Health and Safety', 'Book', 'Patricia', TO_DATE('2020-08-20','YYYY-MM-DD'), 'http://example.com/resource35', 'English');
INSERT INTO Resources VALUES (9000036, 'Leadership Path', 'Guide', 'Héctor', TO_DATE('2019-09-26','YYYY-MM-DD'), 'http://example.com/resource36', 'English');
INSERT INTO Resources VALUES (9000037, 'Social Awareness', 'Guide', 'María', TO_DATE('2024-11-22','YYYY-MM-DD'), 'http://example.com/resource37', 'Spanish');
INSERT INTO Resources VALUES (9000038, 'Peru Myths', 'Book', 'Carmen', TO_DATE('2017-03-07','YYYY-MM-DD'), 'http://example.com/resource38', 'English');
INSERT INTO Resources VALUES (9000039, 'Latin Culture', 'Article', 'Julia', TO_DATE('2019-07-18','YYYY-MM-DD'), 'http://example.com/resource39', 'Spanish');
INSERT INTO Resources VALUES (9000040, 'Forest Data', 'Dataset', 'Miguel', TO_DATE('2022-05-28','YYYY-MM-DD'), 'http://example.com/resource40', 'Spanish');
INSERT INTO Resources VALUES (9000041, 'Biodiversity Index', 'Dataset', 'Luis', TO_DATE('2016-03-21','YYYY-MM-DD'), 'http://example.com/resource41', 'English');
INSERT INTO Resources VALUES (9000042, 'Climate Archive', 'Dataset', 'Carlos', TO_DATE('2018-08-30','YYYY-MM-DD'), 'http://example.com/resource42', 'English');
INSERT INTO Resources VALUES (9000043, 'Sustainability Report', 'Article', 'Luis', TO_DATE('2019-11-24','YYYY-MM-DD'), 'http://example.com/resource43', 'Japanese');
INSERT INTO Resources VALUES (9000044, 'Geological Data', 'Dataset', 'Ana', TO_DATE('2015-06-18','YYYY-MM-DD'), 'http://example.com/resource44', 'English');
INSERT INTO Resources VALUES (9000045, 'Community Outreach', 'Guide', 'Carmen', TO_DATE('2021-09-15','YYYY-MM-DD'), 'http://example.com/resource45', 'Spanish');
INSERT INTO Resources VALUES (9000046, 'Youth Training', 'Guide', 'Andrés', TO_DATE('2017-03-03','YYYY-MM-DD'), 'http://example.com/resource46', 'Spanish');
INSERT INTO Resources VALUES (9000047, 'Sustainable Cities', 'Article', 'Verónica', TO_DATE('2016-06-02','YYYY-MM-DD'), 'http://example.com/resource47', 'Spanish');
INSERT INTO Resources VALUES (9000048, 'Ocean Awareness', 'Video', 'Andrés', TO_DATE('2023-01-25','YYYY-MM-DD'), 'http://example.com/resource48', 'English');
INSERT INTO Resources VALUES (9000049, 'Clean Water Book', 'Book', 'Diana', TO_DATE('2024-07-23','YYYY-MM-DD'), 'http://example.com/resource49', 'Portuguese');
INSERT INTO Resources VALUES (9000050, 'Education Data', 'Dataset', 'Rosa', TO_DATE('2018-03-07','YYYY-MM-DD'), 'http://example.com/resource50', 'English');
 
--Partner
 
INSERT INTO Partner VALUES (3000001, 'Green Future NGO', 'NGO', 'Peru', 'greenfuture@ngo.pe');
INSERT INTO Partner VALUES (3000002, 'Lima City Council', 'Public', 'Peru', 'limacouncil@pe.gob');
INSERT INTO Partner VALUES (3000003, 'Helping Hands', 'NGO', 'Chile', 'helpinghands@ngo.cl');
INSERT INTO Partner VALUES (3000004, 'Universidad Nacional Mayor de San Marcos', 'Academic', 'Peru', 'unmsm@edu.pe');
INSERT INTO Partner VALUES (3000005, 'Hope Foundation', 'NGO', 'Argentina', 'hopefoundation@ngo.ar');
INSERT INTO Partner VALUES (3000006, 'Tech Innovators SAC', 'Private', 'Peru', 'techinnovators@pe.com');
INSERT INTO Partner VALUES (3000007, 'Ministerio de Educación', 'Public', 'Peru', 'minedu@pe.gob');
INSERT INTO Partner VALUES (3000008, 'Regional Health Office', 'Public', 'Ecuador', 'healthoffice@ec.gob');
INSERT INTO Partner VALUES (3000009, 'City Water Authority', 'Public', 'Peru', 'waterauthority@pe.gob');
INSERT INTO Partner VALUES (3000010, 'Pontificia Universidad Católica del Perú', 'Academic', 'Peru', 'pucp@edu.pe');
INSERT INTO Partner VALUES (3000011, 'Ministry of Energy', 'Public', 'Peru', 'energymin@pe.gob');
INSERT INTO Partner VALUES (3000012, 'Transport Bureau', 'Public', 'Peru', 'transport@pe.gob');
INSERT INTO Partner VALUES (3000013, 'Andes Mining Corp', 'Private', 'Chile', 'andesmining@cl.com');
INSERT INTO Partner VALUES (3000014, 'Environmental Protection Agency', 'Public', 'Colombia', 'envagency@co.gov');
INSERT INTO Partner VALUES (3000015, 'TechCorp Solutions', 'Private', 'Peru', 'techcorp@pe.com');
INSERT INTO Partner VALUES (3000016, 'Mujeres Unidas NGO', 'NGO', 'Bolivia', 'mujeresunidas@ngo.bo');
INSERT INTO Partner VALUES (3000017, 'Universidad de los Andes', 'Academic', 'Colombia', 'uniandes@edu.co');
INSERT INTO Partner VALUES (3000018, 'Vida Verde', 'NGO', 'Peru', 'vidaverde@ngo.pe');
INSERT INTO Partner VALUES (3000019, 'Pacific Logistics', 'Private', 'Ecuador', 'pacificlogistics@ec.com');
INSERT INTO Partner VALUES (3000020, 'Municipalidad de Arequipa', 'Public', 'Peru', 'muniarequipa@pe.gob');
INSERT INTO Partner VALUES (3000021, 'Ministerio del Ambiente', 'Public', 'Peru', 'minam@pe.gob');
INSERT INTO Partner VALUES (3000022, 'Universidad Nacional de Ingeniería', 'Academic', 'Peru', 'uni@edu.pe');
INSERT INTO Partner VALUES (3000023, 'Public Health Department', 'Public', 'Bolivia', 'publichealth@bo.gov');
INSERT INTO Partner VALUES (3000024, 'Universidad de Santiago', 'Academic', 'Chile', 'usach@edu.cl');
INSERT INTO Partner VALUES (3000025, 'Regional Agriculture Office', 'Public', 'Peru', 'agroregion@pe.gob');
 
--Institution
 
INSERT INTO Institution VALUES (11000001, 10000003, 'Hospital Nacional Cayetano Heredia', 'Hospital', 'Av. Honorio Delgado 262, Lima', 'cayetano@hosp.pe');
INSERT INTO Institution VALUES (11000002, 10000014, 'Clínica San José', 'Hospital', 'Jr. Los Pinos 123, Cusco', 'sanjose@hosp.pe');
INSERT INTO Institution VALUES (11000003, 10000009, 'Fundación Vida Saludable', 'NGO', 'Av. Central 540, Arequipa', 'vidasaludable@ngo.pe');
INSERT INTO Institution VALUES (11000004, 10000019, 'Colegio Santa Rosa', 'School', 'Calle Lima 845, Tacna', 'santarosa@edu.pe');
INSERT INTO Institution VALUES (11000005, 10000004, 'Instituto Educativo San Martín', 'School', 'Av. Grau 900, Piura', 'sanmartin@edu.pe');
INSERT INTO Institution VALUES (11000006, 10000003, 'Universidad Nacional Mayor de San Marcos', 'University', 'Av. Venezuela 3400, Lima', 'unmsm@edu.pe');
INSERT INTO Institution VALUES (11000007, 10000005, 'Hospital Regional de Piura', 'Hospital', 'Av. Don Bosco 420, Piura', 'hospregion@hosp.pe');
INSERT INTO Institution VALUES (11000008, 10000017, 'Colegio San Ignacio', 'School', 'Av. Bolognesi 105, Arequipa', 'sanignacio@edu.pe');
INSERT INTO Institution VALUES (11000009, 10000017, 'Instituto Educativo Los Andes', 'School', 'Jr. Huayna Cápac 322, Cusco', 'losandes@edu.pe');
INSERT INTO Institution VALUES (11000010, 10000007, 'Universidad de Piura', 'University', 'Av. Ramón Mugica 131, Piura', 'udep@edu.pe');
INSERT INTO Institution VALUES (11000011, 10000003, 'Colegio Santa María', 'School', 'Calle Bolívar 504, Lima', 'santamaria@edu.pe');
INSERT INTO Institution VALUES (11000012, 10000016, 'Clínica Los Olivos', 'Hospital', 'Av. Alfredo Mendiola 1234, Lima', 'losolivos@hosp.pe');
INSERT INTO Institution VALUES (11000013, 10000009, 'Colegio José Olaya', 'School', 'Jr. San Martín 456, Trujillo', 'joseolaya@edu.pe');
INSERT INTO Institution VALUES (11000014, 10000011, 'Fundación Esperanza Viva', 'NGO', 'Av. Primavera 230, Lima', 'esperanzaviva@ngo.pe');
INSERT INTO Institution VALUES (11000015, 10000007, 'Colegio San Juan Bosco', 'School', 'Av. El Sol 340, Cusco', 'sanjbosco@edu.pe');
INSERT INTO Institution VALUES (11000016, 10000015, 'Fundación Corazón Solidario', 'NGO', 'Av. América Sur 540, Trujillo', 'corazonsolidario@ngo.pe');
INSERT INTO Institution VALUES (11000017, 10000001, 'Universidad de Lima', 'University', 'Av. Javier Prado Este 4600, Lima', 'ulima@edu.pe');
INSERT INTO Institution VALUES (11000018, 10000001, 'Hospital Edgardo Rebagliati Martins', 'Hospital', 'Av. Rebagliati 490, Lima', 'rebagliati@hosp.pe');
INSERT INTO Institution VALUES (11000019, 10000009, 'Fundación Sonrisa Feliz', 'NGO', 'Av. Grau 660, Arequipa', 'sonrisafeliz@ngo.pe');
INSERT INTO Institution VALUES (11000020, 10000005, 'Clínica San Rafael', 'Hospital', 'Av. San Rafael 230, Piura', 'sanrafael@hosp.pe');
INSERT INTO Institution VALUES (11000021, 10000013, 'Hospital Regional de Cusco', 'Hospital', 'Av. Garcilaso 321, Cusco', 'hospcusco@hosp.pe');
INSERT INTO Institution VALUES (11000022, 10000002, 'Fundación Nueva Esperanza', 'NGO', 'Calle Los Laureles 870, Chiclayo', 'nuevaesperanza@ngo.pe');
INSERT INTO Institution VALUES (11000023, 10000001, 'Hospital Dos de Mayo', 'Hospital', 'Av. Grau 1300, Lima', 'dosdemayo@hosp.pe');
INSERT INTO Institution VALUES (11000024, 10000001, 'Clínica Anglo Americana', 'Hospital', 'Av. Alfredo Salazar 350, Lima', 'angloamericana@hosp.pe');
INSERT INTO Institution VALUES (11000025, 10000013, 'Hospital Nacional del Sur', 'Hospital', 'Av. Arequipa 1030, Cusco', 'hospdelsur@hosp.pe');
INSERT INTO Institution VALUES (11000026, 10000006, 'Universidad Nacional de Trujillo', 'University', 'Av. Juan Pablo II s/n, Trujillo', 'unt@edu.pe');
INSERT INTO Institution VALUES (11000027, 10000002, 'Universidad Nacional de Piura', 'University', 'Av. Sullana 2200, Piura', 'unp@edu.pe');
INSERT INTO Institution VALUES (11000028, 10000017, 'Colegio San Pedro', 'School', 'Av. San Pedro 420, Arequipa', 'sanpedro@edu.pe');
INSERT INTO Institution VALUES (11000029, 10000018, 'Colegio Nuestra Señora del Carmen', 'School', 'Av. Los Incas 345, Puno', 'nscarmen@edu.pe');
INSERT INTO Institution VALUES (11000030, 10000020, 'Colegio La Merced', 'School', 'Jr. Independencia 765, Tumbes', 'lamerced@edu.pe');
 
 
--Beneficiary
 
INSERT INTO Beneficiary VALUES (4000001, '63200086', 11000027, 'F', 'Luis', 'Mendoza', TO_DATE('1990-02-14','YYYY-MM-DD'), 'Engineer', '935636539', 'luis.mendoza0@mail.com');
INSERT INTO Beneficiary VALUES (4000002, '58617450', 11000024, 'F', 'Carlos', 'Torres', TO_DATE('2002-12-31','YYYY-MM-DD'), 'Farmer', '926867130', 'carlos.torres1@mail.com');
INSERT INTO Beneficiary VALUES (4000003, '96189137', 11000020, 'M', 'Patricia', 'Flores', TO_DATE('1976-10-13','YYYY-MM-DD'), 'Farmer', '902267230', 'patricia.flores2@mail.com');
INSERT INTO Beneficiary VALUES (4000004, '23219618', 11000030, 'F', 'Diana', 'Sánchez', TO_DATE('2000-10-29','YYYY-MM-DD'), 'Engineer', '978257239', 'diana.sánchez3@mail.com');
INSERT INTO Beneficiary VALUES (4000005, '18319282', 11000006, 'F', 'Carmen', 'Flores', TO_DATE('1982-01-02','YYYY-MM-DD'), 'Engineer', '912100920', 'carmen.flores4@mail.com');
INSERT INTO Beneficiary VALUES (4000006, '81952788', 11000007, 'M', 'Verónica', 'Castro', TO_DATE('1988-09-15','YYYY-MM-DD'), 'Farmer', '917280955', 'verónica.castro5@mail.com');
INSERT INTO Beneficiary VALUES (4000007, '90855842', 11000028, 'M', 'Héctor', 'Flores', TO_DATE('1988-09-16','YYYY-MM-DD'), 'Teacher', '913040698', 'héctor.flores6@mail.com');
INSERT INTO Beneficiary VALUES (4000008, '72607648', 11000016, 'M', 'José', 'Ramírez', TO_DATE('1982-10-11','YYYY-MM-DD'), 'Teacher', '942450508', 'josé.ramírez7@mail.com');
INSERT INTO Beneficiary VALUES (4000009, '32741713', 11000029, 'F', 'Héctor', 'Flores', TO_DATE('1985-07-11','YYYY-MM-DD'), 'Farmer', '980334470', 'héctor.flores8@mail.com');
INSERT INTO Beneficiary VALUES (4000010, '99508301', 11000010, 'M', 'Elena', 'Pérez', TO_DATE('1981-07-20','YYYY-MM-DD'), 'Student', '952563898', 'elena.pérez9@mail.com');
INSERT INTO Beneficiary VALUES (4000011, '37627915', 11000027, 'F', 'Ana', 'López', TO_DATE('1989-07-07','YYYY-MM-DD'), 'Student', '979461476', 'ana.lópez10@mail.com');
INSERT INTO Beneficiary VALUES (4000012, '18552017', 11000029, 'F', 'Ana', 'Ramírez', TO_DATE('2005-06-08','YYYY-MM-DD'), 'Farmer', '927079785', 'ana.ramírez11@mail.com');
INSERT INTO Beneficiary VALUES (4000013, '18523287', 11000029, 'F', 'Andrés', 'García', TO_DATE('1996-04-10','YYYY-MM-DD'), 'Teacher', '951363790', 'andrés.garcía12@mail.com');
INSERT INTO Beneficiary VALUES (4000014, '24221515', 11000007, 'M', 'Elena', 'Sánchez', TO_DATE('1982-02-18','YYYY-MM-DD'), 'Teacher', '914696097', 'elena.sánchez13@mail.com');
INSERT INTO Beneficiary VALUES (4000015, '67260735', 11000009, 'M', 'Lucía', 'Ramírez', TO_DATE('2000-06-19','YYYY-MM-DD'), 'Engineer', '988524741', 'lucía.ramírez14@mail.com');
INSERT INTO Beneficiary VALUES (4000016, '51631714', 11000012, 'M', 'Héctor', 'Flores', TO_DATE('1972-01-27','YYYY-MM-DD'), 'Farmer', '999179383', 'héctor.flores15@mail.com');
INSERT INTO Beneficiary VALUES (4000017, '21641256', 11000008, 'F', 'Carmen', 'Sánchez', TO_DATE('2002-06-25','YYYY-MM-DD'), 'Farmer', '983359066', 'carmen.sánchez16@mail.com');
INSERT INTO Beneficiary VALUES (4000018, '26127352', 11000001, 'F', 'Julia', 'García', TO_DATE('1980-09-20','YYYY-MM-DD'), 'Engineer', '921553588', 'julia.garcía17@mail.com');
INSERT INTO Beneficiary VALUES (4000019, '94312054', 11000029, 'F', 'Andrés', 'Rojas', TO_DATE('1974-04-12','YYYY-MM-DD'), 'Student', '949489336', 'andrés.rojas18@mail.com');
INSERT INTO Beneficiary VALUES (4000020, '84607514', 11000010, 'F', 'Verónica', 'Rojas', TO_DATE('2002-01-27','YYYY-MM-DD'), 'Engineer', '958871835', 'verónica.rojas19@mail.com');
INSERT INTO Beneficiary VALUES (4000021, '90810839', 11000025, 'F', 'Luis', 'Rojas', TO_DATE('1977-05-11','YYYY-MM-DD'), 'Student', '902738857', 'luis.rojas20@mail.com');
INSERT INTO Beneficiary VALUES (4000022, '32123430', 11000026, 'M', 'Julia', 'Mendoza', TO_DATE('1971-06-04','YYYY-MM-DD'), 'Engineer', '976349104', 'julia.mendoza21@mail.com');
INSERT INTO Beneficiary VALUES (4000023, '69632250', 11000022, 'M', 'Ana', 'García', TO_DATE('1994-09-20','YYYY-MM-DD'), 'Engineer', '938360844', 'ana.garcía22@mail.com');
INSERT INTO Beneficiary VALUES (4000024, '35275521', 11000009, 'F', 'Juan', 'Castro', TO_DATE('1989-12-08','YYYY-MM-DD'), 'Teacher', '953754022', 'juan.castro23@mail.com');
INSERT INTO Beneficiary VALUES (4000025, '26957620', 11000017, 'F', 'Ana', 'Mendoza', TO_DATE('1978-03-31','YYYY-MM-DD'), 'Student', '980716609', 'ana.mendoza24@mail.com');
INSERT INTO Beneficiary VALUES (4000026, '54481826', 11000008, 'M', 'Héctor', 'Sánchez', TO_DATE('1993-12-13','YYYY-MM-DD'), 'Farmer', '914088115', 'héctor.sánchez25@mail.com');
INSERT INTO Beneficiary VALUES (4000027, '48656523', 11000009, 'F', 'Héctor', 'Ramírez', TO_DATE('1990-01-02','YYYY-MM-DD'), 'Farmer', '914256280', 'héctor.ramírez26@mail.com');
INSERT INTO Beneficiary VALUES (4000028, '20806885', 11000029, 'M', 'José', 'Flores', TO_DATE('1988-03-24','YYYY-MM-DD'), 'Teacher', '988262668', 'josé.flores27@mail.com');
INSERT INTO Beneficiary VALUES (4000029, '12010210', 11000026, 'F', 'Carlos', 'Pérez', TO_DATE('1988-07-26','YYYY-MM-DD'), 'Teacher', '981265627', 'carlos.pérez28@mail.com');
INSERT INTO Beneficiary VALUES (4000030, '90104233', 11000018, 'F', 'Marco', 'Torres', TO_DATE('1988-08-20','YYYY-MM-DD'), 'Teacher', '964048768', 'marco.torres29@mail.com');
INSERT INTO Beneficiary VALUES (4000031, '77809681', 11000028, 'F', 'Patricia', 'Torres', TO_DATE('1993-12-11','YYYY-MM-DD'), 'Student', '910622080', 'patricia.torres30@mail.com');
INSERT INTO Beneficiary VALUES (4000032, '25988545', 11000021, 'M', 'Patricia', 'Rojas', TO_DATE('1971-11-26','YYYY-MM-DD'), 'Engineer', '962575877', 'patricia.rojas31@mail.com');
INSERT INTO Beneficiary VALUES (4000033, '98922423', 11000020, 'F', 'Elena', 'García', TO_DATE('1975-11-05','YYYY-MM-DD'), 'Farmer', '916907651', 'elena.garcía32@mail.com');
INSERT INTO Beneficiary VALUES (4000034, '47419749', 11000013, 'M', 'Pedro', 'Castro', TO_DATE('1974-07-15','YYYY-MM-DD'), 'Farmer', '913174991', 'pedro.castro33@mail.com');
INSERT INTO Beneficiary VALUES (4000035, '32063902', 11000009, 'M', 'Carlos', 'Mendoza', TO_DATE('1990-09-16','YYYY-MM-DD'), 'Student', '981560399', 'carlos.mendoza34@mail.com');
INSERT INTO Beneficiary VALUES (4000036, '58041741', 11000001, 'M', 'Verónica', 'Ramírez', TO_DATE('1990-12-29','YYYY-MM-DD'), 'Teacher', '968747545', 'verónica.ramírez35@mail.com');
INSERT INTO Beneficiary VALUES (4000037, '95379862', 11000028, 'F', 'Pedro', 'Castro', TO_DATE('2004-02-16','YYYY-MM-DD'), 'Teacher', '994271091', 'pedro.castro36@mail.com');
INSERT INTO Beneficiary VALUES (4000038, '39734255', 11000011, 'M', 'Verónica', 'Rojas', TO_DATE('1981-08-19','YYYY-MM-DD'), 'Student', '960905190', 'verónica.rojas37@mail.com');
INSERT INTO Beneficiary VALUES (4000039, '99275906', 11000025, 'M', 'Julia', 'Flores', TO_DATE('1973-12-25','YYYY-MM-DD'), 'Student', '968997295', 'julia.flores38@mail.com');
INSERT INTO Beneficiary VALUES (4000040, '83502767', 11000025, 'F', 'Lucía', 'Ramírez', TO_DATE('2004-01-12','YYYY-MM-DD'), 'Engineer', '925284976', 'lucía.ramírez39@mail.com');
INSERT INTO Beneficiary VALUES (4000041, '81125985', 11000024, 'F', 'Raúl', 'García', TO_DATE('1974-08-04','YYYY-MM-DD'), 'Engineer', '974663694', 'raúl.garcía40@mail.com');
INSERT INTO Beneficiary VALUES (4000042, '76998539', 11000003, 'F', 'Carmen', 'López', TO_DATE('1997-03-20','YYYY-MM-DD'), 'Engineer', '904197664', 'carmen.lópez41@mail.com');
INSERT INTO Beneficiary VALUES (4000043, '80255971', 11000005, 'F', 'Rosa', 'Torres', TO_DATE('1997-09-13','YYYY-MM-DD'), 'Engineer', '963213496', 'rosa.torres42@mail.com');
INSERT INTO Beneficiary VALUES (4000044, '10070360', 11000015, 'F', 'Miguel', 'Rojas', TO_DATE('1990-03-16','YYYY-MM-DD'), 'Farmer', '929678247', 'miguel.rojas43@mail.com');
INSERT INTO Beneficiary VALUES (4000045, '89105002', 11000025, 'M', 'Ana', 'Rojas', TO_DATE('1989-04-15','YYYY-MM-DD'), 'Student', '998145814', 'ana.rojas44@mail.com');
INSERT INTO Beneficiary VALUES (4000046, '69843775', 11000005, 'F', 'José', 'Sánchez', TO_DATE('2005-04-29','YYYY-MM-DD'), 'Teacher', '978343629', 'josé.sánchez45@mail.com');
INSERT INTO Beneficiary VALUES (4000047, '37744166', 11000013, 'M', 'Carmen', 'Mendoza', TO_DATE('1988-04-16','YYYY-MM-DD'), 'Farmer', '986457304', 'carmen.mendoza46@mail.com');
INSERT INTO Beneficiary VALUES (4000048, '26356479', 11000022, 'M', 'José', 'Castro', TO_DATE('1996-03-12','YYYY-MM-DD'), 'Farmer', '908557131', 'josé.castro47@mail.com');
INSERT INTO Beneficiary VALUES (4000049, '51214372', 11000017, 'F', 'Luis', 'Mendoza', TO_DATE('1971-01-06','YYYY-MM-DD'), 'Student', '919949889', 'luis.mendoza48@mail.com');
INSERT INTO Beneficiary VALUES (4000050, '67598355', 11000020, 'M', 'Pedro', 'Sánchez', TO_DATE('1986-10-21','YYYY-MM-DD'), 'Student', '949954886', 'pedro.sánchez49@mail.com');
INSERT INTO Beneficiary VALUES (4000051, '51531805', 11000030, 'F', 'Elena', 'Rojas', TO_DATE('2003-09-11','YYYY-MM-DD'), 'Engineer', '985486357', 'elena.rojas50@mail.com');
INSERT INTO Beneficiary VALUES (4000052, '73206034', 11000019, 'F', 'Pedro', 'Ramírez', TO_DATE('1976-06-24','YYYY-MM-DD'), 'Farmer', '906917051', 'pedro.ramírez51@mail.com');
INSERT INTO Beneficiary VALUES (4000053, '34507659', 11000013, 'F', 'Pedro', 'Ramírez', TO_DATE('1987-03-17','YYYY-MM-DD'), 'Student', '946648379', 'pedro.ramírez52@mail.com');
INSERT INTO Beneficiary VALUES (4000054, '37422816', 11000011, 'M', 'Raúl', 'Sánchez', TO_DATE('1983-02-07','YYYY-MM-DD'), 'Student', '971842148', 'raúl.sánchez53@mail.com');
INSERT INTO Beneficiary VALUES (4000055, '29209083', 11000017, 'F', 'Andrés', 'Castro', TO_DATE('1990-02-22','YYYY-MM-DD'), 'Farmer', '988984318', 'andrés.castro54@mail.com');
INSERT INTO Beneficiary VALUES (4000056, '66752917', 11000013, 'F', 'Raúl', 'García', TO_DATE('1998-02-28','YYYY-MM-DD'), 'Teacher', '962490712', 'raúl.garcía55@mail.com');
INSERT INTO Beneficiary VALUES (4000057, '48482714', 11000008, 'M', 'Héctor', 'Flores', TO_DATE('1988-09-23','YYYY-MM-DD'), 'Student', '960800083', 'héctor.flores56@mail.com');
INSERT INTO Beneficiary VALUES (4000058, '34433793', 11000025, 'M', 'Ana', 'López', TO_DATE('1979-05-31','YYYY-MM-DD'), 'Farmer', '925040045', 'ana.lópez57@mail.com');
INSERT INTO Beneficiary VALUES (4000059, '13471965', 11000017, 'F', 'Marco', 'Flores', TO_DATE('2000-02-25','YYYY-MM-DD'), 'Teacher', '980063374', 'marco.flores58@mail.com');
INSERT INTO Beneficiary VALUES (4000060, '91061006', 11000005, 'F', 'Lucía', 'Pérez', TO_DATE('1979-01-30','YYYY-MM-DD'), 'Student', '971160230', 'lucía.pérez59@mail.com');
INSERT INTO Beneficiary VALUES (4000061, '25563010', 11000024, 'M', 'Andrés', 'Mendoza', TO_DATE('1971-08-20','YYYY-MM-DD'), 'Farmer', '975673791', 'andrés.mendoza60@mail.com');
INSERT INTO Beneficiary VALUES (4000062, '48920553', 11000015, 'M', 'María', 'García', TO_DATE('1977-01-05','YYYY-MM-DD'), 'Farmer', '994397491', 'maría.garcía61@mail.com');
INSERT INTO Beneficiary VALUES (4000063, '66410878', 11000024, 'F', 'Andrés', 'Sánchez', TO_DATE('1997-05-25','YYYY-MM-DD'), 'Farmer', '960858568', 'andrés.sánchez62@mail.com');
INSERT INTO Beneficiary VALUES (4000064, '83926849', 11000009, 'F', 'José', 'Torres', TO_DATE('1974-05-10','YYYY-MM-DD'), 'Farmer', '962153773', 'josé.torres63@mail.com');
INSERT INTO Beneficiary VALUES (4000065, '57835895', 11000004, 'M', 'Patricia', 'Mendoza', TO_DATE('1988-04-09','YYYY-MM-DD'), 'Student', '927301540', 'patricia.mendoza64@mail.com');
INSERT INTO Beneficiary VALUES (4000066, '12643723', 11000012, 'M', 'Miguel', 'García', TO_DATE('1982-03-30','YYYY-MM-DD'), 'Teacher', '955257190', 'miguel.garcía65@mail.com');
INSERT INTO Beneficiary VALUES (4000067, '10144924', 11000017, 'M', 'Carmen', 'Torres', TO_DATE('1989-09-01','YYYY-MM-DD'), 'Farmer', '943053009', 'carmen.torres66@mail.com');
INSERT INTO Beneficiary VALUES (4000068, '92543165', 11000029, 'M', 'Rosa', 'López', TO_DATE('1995-09-22','YYYY-MM-DD'), 'Student', '950154470', 'rosa.lópez67@mail.com');
INSERT INTO Beneficiary VALUES (4000069, '51377600', 11000013, 'M', 'Héctor', 'García', TO_DATE('1979-06-28','YYYY-MM-DD'), 'Student', '925064627', 'héctor.garcía68@mail.com');
INSERT INTO Beneficiary VALUES (4000070, '51833448', 11000008, 'M', 'Ana', 'Sánchez', TO_DATE('1990-01-15','YYYY-MM-DD'), 'Engineer', '982851587', 'ana.sánchez69@mail.com');
INSERT INTO Beneficiary VALUES (4000071, '85338337', 11000004, 'F', 'Miguel', 'Pérez', TO_DATE('1994-01-24','YYYY-MM-DD'), 'Teacher', '926284412', 'miguel.pérez70@mail.com');
INSERT INTO Beneficiary VALUES (4000072, '57749517', 11000020, 'M', 'Patricia', 'Castro', TO_DATE('1970-10-29','YYYY-MM-DD'), 'Engineer', '921754953', 'patricia.castro71@mail.com');
INSERT INTO Beneficiary VALUES (4000073, '45858879', 11000011, 'M', 'Lucía', 'Pérez', TO_DATE('1991-08-14','YYYY-MM-DD'), 'Farmer', '956105815', 'lucía.pérez72@mail.com');
INSERT INTO Beneficiary VALUES (4000074, '44058714', 11000027, 'F', 'Carlos', 'Sánchez', TO_DATE('1998-12-19','YYYY-MM-DD'), 'Teacher', '988934434', 'carlos.sánchez73@mail.com');
INSERT INTO Beneficiary VALUES (4000075, '52859760', 11000021, 'F', 'Ana', 'García', TO_DATE('1974-05-01','YYYY-MM-DD'), 'Engineer', '940334125', 'ana.garcía74@mail.com');
INSERT INTO Beneficiary VALUES (4000076, '90484309', 11000023, 'M', 'Diana', 'Flores', TO_DATE('1990-07-25','YYYY-MM-DD'), 'Teacher', '980056869', 'diana.flores75@mail.com');
INSERT INTO Beneficiary VALUES (4000077, '14800576', 11000017, 'F', 'Elena', 'López', TO_DATE('1995-03-31','YYYY-MM-DD'), 'Farmer', '903277395', 'elena.lópez76@mail.com');
INSERT INTO Beneficiary VALUES (4000078, '71179719', 11000009, 'M', 'José', 'Mendoza', TO_DATE('1996-11-06','YYYY-MM-DD'), 'Student', '946838227', 'josé.mendoza77@mail.com');
INSERT INTO Beneficiary VALUES (4000079, '66995966', 11000019, 'F', 'Rosa', 'García', TO_DATE('1994-02-09','YYYY-MM-DD'), 'Engineer', '930875013', 'rosa.garcía78@mail.com');
INSERT INTO Beneficiary VALUES (4000080, '77185338', 11000012, 'M', 'Juan', 'Torres', TO_DATE('1989-06-04','YYYY-MM-DD'), 'Farmer', '917158755', 'juan.torres79@mail.com');
INSERT INTO Beneficiary VALUES (4000081, '29808970', 11000020, 'M', 'Pedro', 'Sánchez', TO_DATE('1986-01-08','YYYY-MM-DD'), 'Farmer', '971398724', 'pedro.sánchez80@mail.com');
INSERT INTO Beneficiary VALUES (4000082, '98145187', 11000020, 'F', 'Lucía', 'Flores', TO_DATE('1981-12-24','YYYY-MM-DD'), 'Teacher', '984674446', 'lucía.flores81@mail.com');
INSERT INTO Beneficiary VALUES (4000083, '24224974', 11000009, 'F', 'María', 'Ramírez', TO_DATE('1988-10-17','YYYY-MM-DD'), 'Teacher', '949962868', 'maría.ramírez82@mail.com');
INSERT INTO Beneficiary VALUES (4000084, '39852447', 11000002, 'F', 'Raúl', 'Rojas', TO_DATE('2002-05-13','YYYY-MM-DD'), 'Farmer', '922475458', 'raúl.rojas83@mail.com');
INSERT INTO Beneficiary VALUES (4000085, '15641669', 11000018, 'F', 'Miguel', 'Sánchez', TO_DATE('1995-12-03','YYYY-MM-DD'), 'Farmer', '965627243', 'miguel.sánchez84@mail.com');
INSERT INTO Beneficiary VALUES (4000086, '75904624', 11000027, 'M', 'Héctor', 'Ramírez', TO_DATE('1981-04-18','YYYY-MM-DD'), 'Engineer', '968720212', 'héctor.ramírez85@mail.com');
INSERT INTO Beneficiary VALUES (4000087, '87091591', 11000029, 'M', 'Verónica', 'López', TO_DATE('1972-06-20','YYYY-MM-DD'), 'Engineer', '937788573', 'verónica.lópez86@mail.com');
INSERT INTO Beneficiary VALUES (4000088, '69212806', 11000020, 'M', 'Héctor', 'Sánchez', TO_DATE('2001-09-02','YYYY-MM-DD'), 'Engineer', '980637324', 'héctor.sánchez87@mail.com');
INSERT INTO Beneficiary VALUES (4000089, '50812547', 11000003, 'M', 'Héctor', 'López', TO_DATE('1995-05-12','YYYY-MM-DD'), 'Teacher', '917696498', 'héctor.lópez88@mail.com');
INSERT INTO Beneficiary VALUES (4000090, '60149553', 11000002, 'M', 'Marco', 'Rojas', TO_DATE('1989-04-04','YYYY-MM-DD'), 'Engineer', '928132535', 'marco.rojas89@mail.com');
INSERT INTO Beneficiary VALUES (4000091, '20437696', 11000015, 'F', 'Luis', 'Flores', TO_DATE('2004-09-09','YYYY-MM-DD'), 'Teacher', '959303669', 'luis.flores90@mail.com');
INSERT INTO Beneficiary VALUES (4000092, '78844440', 11000014, 'M', 'Marco', 'Ramírez', TO_DATE('1988-03-20','YYYY-MM-DD'), 'Student', '977455116', 'marco.ramírez91@mail.com');
INSERT INTO Beneficiary VALUES (4000093, '20322689', 11000009, 'F', 'Julia', 'Mendoza', TO_DATE('2001-01-24','YYYY-MM-DD'), 'Student', '998330047', 'julia.mendoza92@mail.com');
INSERT INTO Beneficiary VALUES (4000094, '19536868', 11000027, 'M', 'Carmen', 'Torres', TO_DATE('1974-04-10','YYYY-MM-DD'), 'Teacher', '909557734', 'carmen.torres93@mail.com');
INSERT INTO Beneficiary VALUES (4000095, '34335749', 11000009, 'F', 'Elena', 'Flores', TO_DATE('1978-06-15','YYYY-MM-DD'), 'Student', '962903699', 'elena.flores94@mail.com');
INSERT INTO Beneficiary VALUES (4000096, '70882380', 11000012, 'F', 'Julia', 'Castro', TO_DATE('1971-07-10','YYYY-MM-DD'), 'Farmer', '959287053', 'julia.castro95@mail.com');
INSERT INTO Beneficiary VALUES (4000097, '30676523', 11000011, 'M', 'Ana', 'Mendoza', TO_DATE('1991-03-14','YYYY-MM-DD'), 'Farmer', '948795485', 'ana.mendoza96@mail.com');
INSERT INTO Beneficiary VALUES (4000098, '67250349', 11000019, 'M', 'Héctor', 'Flores', TO_DATE('1990-04-12','YYYY-MM-DD'), 'Engineer', '956985120', 'héctor.flores97@mail.com');
INSERT INTO Beneficiary VALUES (4000099, '17428630', 11000012, 'M', 'Juan', 'Sánchez', TO_DATE('1998-10-02','YYYY-MM-DD'), 'Farmer', '927241142', 'juan.sánchez98@mail.com');
INSERT INTO Beneficiary VALUES (4000100, '22994342', 11000009, 'F', 'Juan', 'Mendoza', TO_DATE('1995-06-14','YYYY-MM-DD'), 'Engineer', '981243751', 'juan.mendoza99@mail.com');
 
--Certification
 
INSERT INTO Certification VALUES (12000001, 4000047, 9000019, TO_DATE('2020-05-21','YYYY-MM-DD'), TO_DATE('2021-11-19','YYYY-MM-DD'), 'A');
INSERT INTO Certification VALUES (12000002, 4000056, 9000001, TO_DATE('2022-10-09','YYYY-MM-DD'), TO_DATE('2025-01-09','YYYY-MM-DD'), 'E');
INSERT INTO Certification VALUES (12000003, 4000053, 9000045, TO_DATE('2020-12-24','YYYY-MM-DD'), TO_DATE('2022-06-09','YYYY-MM-DD'), 'A');
INSERT INTO Certification VALUES (12000004, 4000085, 9000037, TO_DATE('2023-01-19','YYYY-MM-DD'), TO_DATE('2024-02-02','YYYY-MM-DD'), 'E');
INSERT INTO Certification VALUES (12000005, 4000050, 9000042, TO_DATE('2020-04-29','YYYY-MM-DD'), TO_DATE('2022-12-22','YYYY-MM-DD'), 'A');
INSERT INTO Certification VALUES (12000006, 4000014, 9000039, TO_DATE('2020-11-29','YYYY-MM-DD'), TO_DATE('2023-07-11','YYYY-MM-DD'), 'E');
INSERT INTO Certification VALUES (12000007, 4000009, 9000009, TO_DATE('2024-12-16','YYYY-MM-DD'), TO_DATE('2027-04-14','YYYY-MM-DD'), 'E');
INSERT INTO Certification VALUES (12000008, 4000004, 9000050, TO_DATE('2021-07-13','YYYY-MM-DD'), TO_DATE('2024-07-12','YYYY-MM-DD'), 'E');
INSERT INTO Certification VALUES (12000009, 4000066, 9000037, TO_DATE('2023-07-18','YYYY-MM-DD'), TO_DATE('2025-04-13','YYYY-MM-DD'), 'F');
INSERT INTO Certification VALUES (12000010, 4000036, 9000005, TO_DATE('2020-01-20','YYYY-MM-DD'), TO_DATE('2022-09-28','YYYY-MM-DD'), 'E');
INSERT INTO Certification VALUES (12000011, 4000001, 9000031, TO_DATE('2024-04-01','YYYY-MM-DD'), TO_DATE('2027-02-08','YYYY-MM-DD'), 'A');
INSERT INTO Certification VALUES (12000012, 4000036, 9000025, TO_DATE('2024-02-12','YYYY-MM-DD'), TO_DATE('2025-12-10','YYYY-MM-DD'), 'A');
INSERT INTO Certification VALUES (12000013, 4000005, 9000014, TO_DATE('2021-09-17','YYYY-MM-DD'), TO_DATE('2023-07-06','YYYY-MM-DD'), 'D');
INSERT INTO Certification VALUES (12000014, 4000093, 9000005, TO_DATE('2024-07-21','YYYY-MM-DD'), TO_DATE('2027-06-11','YYYY-MM-DD'), 'B');
INSERT INTO Certification VALUES (12000015, 4000051, 9000028, TO_DATE('2022-04-03','YYYY-MM-DD'), TO_DATE('2023-08-05','YYYY-MM-DD'), 'A');
INSERT INTO Certification VALUES (12000016, 4000056, 9000014, TO_DATE('2022-03-08','YYYY-MM-DD'), TO_DATE('2024-03-22','YYYY-MM-DD'), 'B');
INSERT INTO Certification VALUES (12000017, 4000098, 9000016, TO_DATE('2020-04-15','YYYY-MM-DD'), TO_DATE('2021-12-31','YYYY-MM-DD'), 'F');
INSERT INTO Certification VALUES (12000018, 4000014, 9000020, TO_DATE('2023-09-25','YYYY-MM-DD'), TO_DATE('2026-08-09','YYYY-MM-DD'), 'C');
INSERT INTO Certification VALUES (12000019, 4000089, 9000030, TO_DATE('2023-06-21','YYYY-MM-DD'), TO_DATE('2024-10-05','YYYY-MM-DD'), 'D');
INSERT INTO Certification VALUES (12000020, 4000029, 9000029, TO_DATE('2022-11-03','YYYY-MM-DD'), TO_DATE('2024-11-24','YYYY-MM-DD'), 'D');
INSERT INTO Certification VALUES (12000021, 4000086, 9000027, TO_DATE('2021-09-04','YYYY-MM-DD'), TO_DATE('2023-03-08','YYYY-MM-DD'), 'B');
INSERT INTO Certification VALUES (12000022, 4000044, 9000015, TO_DATE('2021-07-05','YYYY-MM-DD'), TO_DATE('2023-04-19','YYYY-MM-DD'), 'B');
INSERT INTO Certification VALUES (12000023, 4000093, 9000005, TO_DATE('2022-01-30','YYYY-MM-DD'), TO_DATE('2023-12-18','YYYY-MM-DD'), 'F');
INSERT INTO Certification VALUES (12000024, 4000046, 9000006, TO_DATE('2022-05-16','YYYY-MM-DD'), TO_DATE('2023-11-05','YYYY-MM-DD'), 'B');
INSERT INTO Certification VALUES (12000025, 4000086, 9000014, TO_DATE('2023-02-25','YYYY-MM-DD'), TO_DATE('2024-09-05','YYYY-MM-DD'), 'B');
INSERT INTO Certification VALUES (12000026, 4000065, 9000018, TO_DATE('2023-04-30','YYYY-MM-DD'), TO_DATE('2025-11-06','YYYY-MM-DD'), 'E');
INSERT INTO Certification VALUES (12000027, 4000062, 9000005, TO_DATE('2020-12-29','YYYY-MM-DD'), TO_DATE('2023-10-08','YYYY-MM-DD'), 'A');
INSERT INTO Certification VALUES (12000028, 4000075, 9000014, TO_DATE('2020-07-06','YYYY-MM-DD'), TO_DATE('2021-07-10','YYYY-MM-DD'), 'A');
INSERT INTO Certification VALUES (12000029, 4000050, 9000024, TO_DATE('2024-11-01','YYYY-MM-DD'), TO_DATE('2026-09-01','YYYY-MM-DD'), 'D');
INSERT INTO Certification VALUES (12000030, 4000036, 9000027, TO_DATE('2022-01-27','YYYY-MM-DD'), TO_DATE('2023-11-16','YYYY-MM-DD'), 'D');
INSERT INTO Certification VALUES (12000031, 4000071, 9000017, TO_DATE('2021-08-27','YYYY-MM-DD'), TO_DATE('2022-12-02','YYYY-MM-DD'), 'B');
INSERT INTO Certification VALUES (12000032, 4000001, 9000044, TO_DATE('2022-09-25','YYYY-MM-DD'), TO_DATE('2024-03-01','YYYY-MM-DD'), 'E');
INSERT INTO Certification VALUES (12000033, 4000051, 9000030, TO_DATE('2020-07-01','YYYY-MM-DD'), TO_DATE('2021-10-08','YYYY-MM-DD'), 'D');
INSERT INTO Certification VALUES (12000034, 4000064, 9000008, TO_DATE('2021-05-07','YYYY-MM-DD'), TO_DATE('2022-10-13','YYYY-MM-DD'), 'A');
INSERT INTO Certification VALUES (12000035, 4000050, 9000034, TO_DATE('2023-06-18','YYYY-MM-DD'), TO_DATE('2024-12-13','YYYY-MM-DD'), 'C');
INSERT INTO Certification VALUES (12000036, 4000058, 9000036, TO_DATE('2020-12-28','YYYY-MM-DD'), TO_DATE('2023-02-13','YYYY-MM-DD'), 'A');
INSERT INTO Certification VALUES (12000037, 4000036, 9000035, TO_DATE('2022-08-29','YYYY-MM-DD'), TO_DATE('2024-12-31','YYYY-MM-DD'), 'F');
INSERT INTO Certification VALUES (12000038, 4000027, 9000013, TO_DATE('2024-10-08','YYYY-MM-DD'), TO_DATE('2027-01-04','YYYY-MM-DD'), 'F');
INSERT INTO Certification VALUES (12000039, 4000093, 9000050, TO_DATE('2023-04-26','YYYY-MM-DD'), TO_DATE('2024-05-04','YYYY-MM-DD'), 'B');
INSERT INTO Certification VALUES (12000040, 4000058, 9000009, TO_DATE('2020-02-23','YYYY-MM-DD'), TO_DATE('2022-11-13','YYYY-MM-DD'), 'F');
INSERT INTO Certification VALUES (12000041, 4000030, 9000020, TO_DATE('2022-05-12','YYYY-MM-DD'), TO_DATE('2024-01-22','YYYY-MM-DD'), 'F');
INSERT INTO Certification VALUES (12000042, 4000083, 9000022, TO_DATE('2023-01-27','YYYY-MM-DD'), TO_DATE('2026-01-02','YYYY-MM-DD'), 'B');
INSERT INTO Certification VALUES (12000043, 4000008, 9000038, TO_DATE('2023-07-28','YYYY-MM-DD'), TO_DATE('2025-09-22','YYYY-MM-DD'), 'C');
INSERT INTO Certification VALUES (12000044, 4000098, 9000033, TO_DATE('2024-11-11','YYYY-MM-DD'), TO_DATE('2026-09-11','YYYY-MM-DD'), 'B');
INSERT INTO Certification VALUES (12000045, 4000043, 9000024, TO_DATE('2021-03-19','YYYY-MM-DD'), TO_DATE('2023-11-05','YYYY-MM-DD'), 'B');
INSERT INTO Certification VALUES (12000046, 4000094, 9000020, TO_DATE('2020-08-18','YYYY-MM-DD'), TO_DATE('2022-11-10','YYYY-MM-DD'), 'D');
INSERT INTO Certification VALUES (12000047, 4000076, 9000026, TO_DATE('2023-09-24','YYYY-MM-DD'), TO_DATE('2025-09-29','YYYY-MM-DD'), 'E');
INSERT INTO Certification VALUES (12000048, 4000063, 9000005, TO_DATE('2021-04-19','YYYY-MM-DD'), TO_DATE('2022-09-23','YYYY-MM-DD'), 'F');
INSERT INTO Certification VALUES (12000049, 4000017, 9000020, TO_DATE('2023-05-12','YYYY-MM-DD'), TO_DATE('2025-09-13','YYYY-MM-DD'), 'C');
INSERT INTO Certification VALUES (12000050, 4000068, 9000025, TO_DATE('2022-06-09','YYYY-MM-DD'), TO_DATE('2025-01-15','YYYY-MM-DD'), 'A');
INSERT INTO Certification VALUES (12000051, 4000048, 9000050, TO_DATE('2024-12-07','YYYY-MM-DD'), TO_DATE('2026-01-17','YYYY-MM-DD'), 'C');
INSERT INTO Certification VALUES (12000052, 4000066, 9000026, TO_DATE('2024-06-16','YYYY-MM-DD'), TO_DATE('2027-05-22','YYYY-MM-DD'), 'B');
INSERT INTO Certification VALUES (12000053, 4000028, 9000047, TO_DATE('2020-02-28','YYYY-MM-DD'), TO_DATE('2022-02-01','YYYY-MM-DD'), 'D');
INSERT INTO Certification VALUES (12000054, 4000095, 9000001, TO_DATE('2024-12-14','YYYY-MM-DD'), TO_DATE('2026-11-22','YYYY-MM-DD'), 'B');
INSERT INTO Certification VALUES (12000055, 4000086, 9000010, TO_DATE('2021-10-10','YYYY-MM-DD'), TO_DATE('2022-12-16','YYYY-MM-DD'), 'C');
INSERT INTO Certification VALUES (12000056, 4000052, 9000018, TO_DATE('2024-08-04','YYYY-MM-DD'), TO_DATE('2027-02-07','YYYY-MM-DD'), 'C');
INSERT INTO Certification VALUES (12000057, 4000038, 9000021, TO_DATE('2021-08-13','YYYY-MM-DD'), TO_DATE('2023-03-28','YYYY-MM-DD'), 'F');
INSERT INTO Certification VALUES (12000058, 4000057, 9000012, TO_DATE('2023-03-08','YYYY-MM-DD'), TO_DATE('2024-12-06','YYYY-MM-DD'), 'C');
INSERT INTO Certification VALUES (12000059, 4000024, 9000023, TO_DATE('2021-05-10','YYYY-MM-DD'), TO_DATE('2022-12-12','YYYY-MM-DD'), 'E');
INSERT INTO Certification VALUES (12000060, 4000012, 9000015, TO_DATE('2022-06-20','YYYY-MM-DD'), TO_DATE('2025-04-29','YYYY-MM-DD'), 'B');
INSERT INTO Certification VALUES (12000061, 4000036, 9000002, TO_DATE('2022-03-08','YYYY-MM-DD'), TO_DATE('2024-09-07','YYYY-MM-DD'), 'B');
INSERT INTO Certification VALUES (12000062, 4000062, 9000029, TO_DATE('2020-06-26','YYYY-MM-DD'), TO_DATE('2023-04-08','YYYY-MM-DD'), 'A');
INSERT INTO Certification VALUES (12000063, 4000092, 9000047, TO_DATE('2020-07-27','YYYY-MM-DD'), TO_DATE('2023-01-28','YYYY-MM-DD'), 'F');
INSERT INTO Certification VALUES (12000064, 4000042, 9000049, TO_DATE('2023-08-31','YYYY-MM-DD'), TO_DATE('2026-03-12','YYYY-MM-DD'), 'E');
INSERT INTO Certification VALUES (12000065, 4000025, 9000050, TO_DATE('2021-07-26','YYYY-MM-DD'), TO_DATE('2023-04-30','YYYY-MM-DD'), 'B');
INSERT INTO Certification VALUES (12000066, 4000061, 9000025, TO_DATE('2023-12-13','YYYY-MM-DD'), TO_DATE('2025-09-11','YYYY-MM-DD'), 'B');
INSERT INTO Certification VALUES (12000067, 4000007, 9000002, TO_DATE('2020-01-09','YYYY-MM-DD'), TO_DATE('2021-10-12','YYYY-MM-DD'), 'C');
INSERT INTO Certification VALUES (12000068, 4000100, 9000009, TO_DATE('2022-11-24','YYYY-MM-DD'), TO_DATE('2025-05-03','YYYY-MM-DD'), 'A');
INSERT INTO Certification VALUES (12000069, 4000035, 9000018, TO_DATE('2020-03-18','YYYY-MM-DD'), TO_DATE('2022-09-28','YYYY-MM-DD'), 'B');
INSERT INTO Certification VALUES (12000070, 4000047, 9000028, TO_DATE('2021-04-05','YYYY-MM-DD'), TO_DATE('2022-04-18','YYYY-MM-DD'), 'D');
INSERT INTO Certification VALUES (12000071, 4000057, 9000032, TO_DATE('2020-08-18','YYYY-MM-DD'), TO_DATE('2022-04-27','YYYY-MM-DD'), 'A');
INSERT INTO Certification VALUES (12000072, 4000078, 9000016, TO_DATE('2022-04-25','YYYY-MM-DD'), TO_DATE('2023-09-22','YYYY-MM-DD'), 'C');
INSERT INTO Certification VALUES (12000073, 4000018, 9000038, TO_DATE('2020-09-26','YYYY-MM-DD'), TO_DATE('2022-06-21','YYYY-MM-DD'), 'B');
INSERT INTO Certification VALUES (12000074, 4000012, 9000047, TO_DATE('2022-12-17','YYYY-MM-DD'), TO_DATE('2025-11-14','YYYY-MM-DD'), 'C');
INSERT INTO Certification VALUES (12000075, 4000019, 9000002, TO_DATE('2022-12-08','YYYY-MM-DD'), TO_DATE('2025-10-06','YYYY-MM-DD'), 'D');
 
--Employee_activity
 
INSERT INTO Employee_Activity VALUES (1000052, 5000010, 'Coordinator');
INSERT INTO Employee_Activity VALUES (1000033, 5000013, 'Coordinator');
INSERT INTO Employee_Activity VALUES (1000077, 5000004, 'Assistant');
INSERT INTO Employee_Activity VALUES (1000087, 5000009, 'Leader');
INSERT INTO Employee_Activity VALUES (1000033, 5000006, 'Assistant');
INSERT INTO Employee_Activity VALUES (1000023, 5000015, 'Assistant');
INSERT INTO Employee_Activity VALUES (1000034, 5000007, 'Assistant');
INSERT INTO Employee_Activity VALUES (1000078, 5000006, 'Leader');
INSERT INTO Employee_Activity VALUES (1000076, 5000009, 'Coordinator');
INSERT INTO Employee_Activity VALUES (1000053, 5000012, 'Coordinator');
INSERT INTO Employee_Activity VALUES (1000071, 5000008, 'Assistant');
INSERT INTO Employee_Activity VALUES (1000040, 5000014, 'Leader');
INSERT INTO Employee_Activity VALUES (1000012, 5000017, 'Assistant');
INSERT INTO Employee_Activity VALUES (1000022, 5000008, 'Assistant');
INSERT INTO Employee_Activity VALUES (1000022, 5000015, 'Coordinator');
INSERT INTO Employee_Activity VALUES (1000017, 5000006, 'Coordinator');
INSERT INTO Employee_Activity VALUES (1000012, 5000005, 'Leader');
INSERT INTO Employee_Activity VALUES (1000003, 5000007, 'Leader');
INSERT INTO Employee_Activity VALUES (1000025, 5000017, 'Leader');
INSERT INTO Employee_Activity VALUES (1000098, 5000013, 'Coordinator');
INSERT INTO Employee_Activity VALUES (1000057, 5000005, 'Assistant');
INSERT INTO Employee_Activity VALUES (1000041, 5000006, 'Assistant');
INSERT INTO Employee_Activity VALUES (1000017, 5000009, 'Assistant');
INSERT INTO Employee_Activity VALUES (1000037, 5000014, 'Coordinator');
INSERT INTO Employee_Activity VALUES (1000077, 5000008, 'Leader');
INSERT INTO Employee_Activity VALUES (1000079, 5000006, 'Leader');
INSERT INTO Employee_Activity VALUES (1000077, 5000004, 'Leader');
INSERT INTO Employee_Activity VALUES (1000025, 5000009, 'Coordinator');
INSERT INTO Employee_Activity VALUES (1000003, 5000010, 'Coordinator');
INSERT INTO Employee_Activity VALUES (1000015, 5000002, 'Coordinator');
INSERT INTO Employee_Activity VALUES (1000070, 5000006, 'Coordinator');
INSERT INTO Employee_Activity VALUES (1000050, 5000016, 'Leader');
INSERT INTO Employee_Activity VALUES (1000089, 5000013, 'Assistant');
INSERT INTO Employee_Activity VALUES (1000035, 5000016, 'Leader');
INSERT INTO Employee_Activity VALUES (1000023, 5000003, 'Assistant');
INSERT INTO Employee_Activity VALUES (1000014, 5000019, 'Coordinator');
INSERT INTO Employee_Activity VALUES (1000086, 5000009, 'Assistant');
INSERT INTO Employee_Activity VALUES (1000098, 5000004, 'Coordinator');
INSERT INTO Employee_Activity VALUES (1000032, 5000002, 'Leader');
INSERT INTO Employee_Activity VALUES (1000098, 5000016, 'Coordinator');
INSERT INTO Employee_Activity VALUES (1000047, 5000020, 'Leader');
INSERT INTO Employee_Activity VALUES (1000024, 5000008, 'Assistant');
INSERT INTO Employee_Activity VALUES (1000055, 5000015, 'Assistant');
INSERT INTO Employee_Activity VALUES (1000020, 5000002, 'Assistant');
INSERT INTO Employee_Activity VALUES (1000022, 5000018, 'Assistant');
INSERT INTO Employee_Activity VALUES (1000034, 5000020, 'Coordinator');
INSERT INTO Employee_Activity VALUES (1000025, 5000013, 'Assistant');
INSERT INTO Employee_Activity VALUES (1000071, 5000013, 'Coordinator');
INSERT INTO Employee_Activity VALUES (1000055, 5000003, 'Assistant');
INSERT INTO Employee_Activity VALUES (1000046, 5000004, 'Assistant');
 
--Volunteer_Activity
 
INSERT INTO Volunteer_Activity VALUES (5000015, 2000002, TO_DATE('2023-01-03','YYYY-MM-DD'), TO_DATE('2023-04-28','YYYY-MM-DD'), 99.65, 'Support');
INSERT INTO Volunteer_Activity VALUES (5000015, 2000018, TO_DATE('2023-05-11','YYYY-MM-DD'), TO_DATE('2023-07-31','YYYY-MM-DD'), 171.63, 'Support');
INSERT INTO Volunteer_Activity VALUES (5000016, 2000002, TO_DATE('2021-06-20','YYYY-MM-DD'), TO_DATE('2021-09-04','YYYY-MM-DD'), 78.81, 'Field Work');
INSERT INTO Volunteer_Activity VALUES (5000019, 2000006, TO_DATE('2020-03-26','YYYY-MM-DD'), TO_DATE('2020-09-25','YYYY-MM-DD'), 142.49, 'Coordination');
INSERT INTO Volunteer_Activity VALUES (5000014, 2000007, TO_DATE('2022-06-15','YYYY-MM-DD'), TO_DATE('2022-07-14','YYYY-MM-DD'), 176.37, 'Support');
INSERT INTO Volunteer_Activity VALUES (5000006, 2000047, TO_DATE('2021-01-09','YYYY-MM-DD'), TO_DATE('2021-03-11','YYYY-MM-DD'), 190.16, 'Coordination');
INSERT INTO Volunteer_Activity VALUES (5000014, 2000009, TO_DATE('2019-02-05','YYYY-MM-DD'), TO_DATE('2019-04-02','YYYY-MM-DD'), 165.68, 'Support');
INSERT INTO Volunteer_Activity VALUES (5000020, 2000020, TO_DATE('2022-08-21','YYYY-MM-DD'), TO_DATE('2023-02-10','YYYY-MM-DD'), 177.06, 'Coordination');
INSERT INTO Volunteer_Activity VALUES (5000005, 2000046, TO_DATE('2019-04-25','YYYY-MM-DD'), TO_DATE('2019-06-17','YYYY-MM-DD'), 100.9, 'Coordination');
INSERT INTO Volunteer_Activity VALUES (5000012, 2000042, TO_DATE('2022-01-13','YYYY-MM-DD'), TO_DATE('2022-04-25','YYYY-MM-DD'), 139.77, 'Coordination');
INSERT INTO Volunteer_Activity VALUES (5000014, 2000005, TO_DATE('2019-11-22','YYYY-MM-DD'), TO_DATE('2020-03-25','YYYY-MM-DD'), 60.49, 'Support');
INSERT INTO Volunteer_Activity VALUES (5000017, 2000036, TO_DATE('2023-12-25','YYYY-MM-DD'), TO_DATE('2024-06-02','YYYY-MM-DD'), 40.18, 'Field Work');
INSERT INTO Volunteer_Activity VALUES (5000015, 2000033, TO_DATE('2019-03-09','YYYY-MM-DD'), TO_DATE('2019-05-09','YYYY-MM-DD'), 173.26, 'Coordination');
INSERT INTO Volunteer_Activity VALUES (5000016, 2000042, TO_DATE('2020-10-14','YYYY-MM-DD'), TO_DATE('2021-02-07','YYYY-MM-DD'), 122.66, 'Coordination');
INSERT INTO Volunteer_Activity VALUES (5000003, 2000020, TO_DATE('2023-08-15','YYYY-MM-DD'), TO_DATE('2023-08-25','YYYY-MM-DD'), 73.24, 'Coordination');
INSERT INTO Volunteer_Activity VALUES (5000020, 2000042, TO_DATE('2021-11-06','YYYY-MM-DD'), TO_DATE('2021-11-25','YYYY-MM-DD'), 45.16, 'Support');
INSERT INTO Volunteer_Activity VALUES (5000002, 2000037, TO_DATE('2019-09-14','YYYY-MM-DD'), TO_DATE('2020-03-17','YYYY-MM-DD'), 65.15, 'Support');
INSERT INTO Volunteer_Activity VALUES (5000009, 2000017, TO_DATE('2022-05-14','YYYY-MM-DD'), TO_DATE('2022-06-24','YYYY-MM-DD'), 118.36, 'Field Work');
INSERT INTO Volunteer_Activity VALUES (5000015, 2000039, TO_DATE('2022-10-08','YYYY-MM-DD'), TO_DATE('2023-03-16','YYYY-MM-DD'), 111.31, 'Field Work');
INSERT INTO Volunteer_Activity VALUES (5000010, 2000032, TO_DATE('2021-04-12','YYYY-MM-DD'), TO_DATE('2021-05-18','YYYY-MM-DD'), 76.44, 'Support');
INSERT INTO Volunteer_Activity VALUES (5000002, 2000048, TO_DATE('2019-08-22','YYYY-MM-DD'), TO_DATE('2019-11-01','YYYY-MM-DD'), 173.48, 'Support');
INSERT INTO Volunteer_Activity VALUES (5000013, 2000029, TO_DATE('2021-09-23','YYYY-MM-DD'), TO_DATE('2021-11-11','YYYY-MM-DD'), 23.8, 'Coordination');
INSERT INTO Volunteer_Activity VALUES (5000007, 2000002, TO_DATE('2020-10-17','YYYY-MM-DD'), TO_DATE('2021-02-03','YYYY-MM-DD'), 55.32, 'Support');
INSERT INTO Volunteer_Activity VALUES (5000012, 2000011, TO_DATE('2022-02-27','YYYY-MM-DD'), TO_DATE('2022-09-14','YYYY-MM-DD'), 153.48, 'Coordination');
INSERT INTO Volunteer_Activity VALUES (5000013, 2000024, TO_DATE('2022-06-09','YYYY-MM-DD'), TO_DATE('2022-09-11','YYYY-MM-DD'), 110.13, 'Field Work');
INSERT INTO Volunteer_Activity VALUES (5000016, 2000023, TO_DATE('2019-03-12','YYYY-MM-DD'), TO_DATE('2019-06-17','YYYY-MM-DD'), 87.62, 'Field Work');
INSERT INTO Volunteer_Activity VALUES (5000004, 2000038, TO_DATE('2019-02-12','YYYY-MM-DD'), TO_DATE('2019-08-26','YYYY-MM-DD'), 101.84, 'Support');
INSERT INTO Volunteer_Activity VALUES (5000007, 2000046, TO_DATE('2019-09-12','YYYY-MM-DD'), TO_DATE('2019-10-04','YYYY-MM-DD'), 84.73, 'Support');
INSERT INTO Volunteer_Activity VALUES (5000019, 2000003, TO_DATE('2021-02-21','YYYY-MM-DD'), TO_DATE('2021-08-14','YYYY-MM-DD'), 22.18, 'Field Work');
INSERT INTO Volunteer_Activity VALUES (5000004, 2000040, TO_DATE('2019-07-02','YYYY-MM-DD'), TO_DATE('2019-12-02','YYYY-MM-DD'), 29.37, 'Support');
INSERT INTO Volunteer_Activity VALUES (5000002, 2000028, TO_DATE('2023-07-05','YYYY-MM-DD'), TO_DATE('2023-12-05','YYYY-MM-DD'), 70.21, 'Support');
INSERT INTO Volunteer_Activity VALUES (5000015, 2000040, TO_DATE('2021-02-09','YYYY-MM-DD'), TO_DATE('2021-02-19','YYYY-MM-DD'), 181.87, 'Field Work');
INSERT INTO Volunteer_Activity VALUES (5000008, 2000042, TO_DATE('2021-09-02','YYYY-MM-DD'), TO_DATE('2022-03-08','YYYY-MM-DD'), 23.71, 'Field Work');
INSERT INTO Volunteer_Activity VALUES (5000004, 2000012, TO_DATE('2020-11-28','YYYY-MM-DD'), TO_DATE('2020-12-14','YYYY-MM-DD'), 97.06, 'Coordination');
INSERT INTO Volunteer_Activity VALUES (5000006, 2000032, TO_DATE('2023-02-28','YYYY-MM-DD'), TO_DATE('2023-07-30','YYYY-MM-DD'), 11.9, 'Coordination');
INSERT INTO Volunteer_Activity VALUES (5000009, 2000032, TO_DATE('2019-08-08','YYYY-MM-DD'), TO_DATE('2019-09-18','YYYY-MM-DD'), 67.06, 'Field Work');
INSERT INTO Volunteer_Activity VALUES (5000018, 2000009, TO_DATE('2023-03-24','YYYY-MM-DD'), TO_DATE('2023-09-09','YYYY-MM-DD'), 148.05, 'Coordination');
INSERT INTO Volunteer_Activity VALUES (5000013, 2000006, TO_DATE('2019-12-08','YYYY-MM-DD'), TO_DATE('2020-03-14','YYYY-MM-DD'), 159.08, 'Support');
INSERT INTO Volunteer_Activity VALUES (5000018, 2000005, TO_DATE('2022-05-09','YYYY-MM-DD'), TO_DATE('2022-05-31','YYYY-MM-DD'), 165.7, 'Field Work');
 
--Resource_Project
 
INSERT INTO Resource_Project VALUES (6000015, 9000028, TO_DATE('2022-01-21','YYYY-MM-DD'), 'Reference');
INSERT INTO Resource_Project VALUES (6000012, 9000022, TO_DATE('2021-08-17','YYYY-MM-DD'), 'Analysis');
INSERT INTO Resource_Project VALUES (6000012, 9000004, TO_DATE('2020-06-18','YYYY-MM-DD'), 'Implementation');
INSERT INTO Resource_Project VALUES (6000006, 9000048, TO_DATE('2020-03-08','YYYY-MM-DD'), 'Analysis');
INSERT INTO Resource_Project VALUES (6000010, 9000018, TO_DATE('2022-09-26','YYYY-MM-DD'), 'Implementation');
INSERT INTO Resource_Project VALUES (6000015, 9000034, TO_DATE('2022-10-30','YYYY-MM-DD'), 'Implementation');
INSERT INTO Resource_Project VALUES (6000010, 9000023, TO_DATE('2020-05-21','YYYY-MM-DD'), 'Reference');
INSERT INTO Resource_Project VALUES (6000014, 9000031, TO_DATE('2024-06-08','YYYY-MM-DD'), 'Implementation');
INSERT INTO Resource_Project VALUES (6000001, 9000034, TO_DATE('2024-09-10','YYYY-MM-DD'), 'Analysis');
INSERT INTO Resource_Project VALUES (6000010, 9000022, TO_DATE('2024-04-04','YYYY-MM-DD'), 'Analysis');
INSERT INTO Resource_Project VALUES (6000001, 9000009, TO_DATE('2024-02-17','YYYY-MM-DD'), 'Analysis');
INSERT INTO Resource_Project VALUES (6000004, 9000013, TO_DATE('2020-01-15','YYYY-MM-DD'), 'Analysis');
INSERT INTO Resource_Project VALUES (6000007, 9000029, TO_DATE('2022-04-24','YYYY-MM-DD'), 'Implementation');
INSERT INTO Resource_Project VALUES (6000015, 9000019, TO_DATE('2022-11-03','YYYY-MM-DD'), 'Analysis');
INSERT INTO Resource_Project VALUES (6000006, 9000016, TO_DATE('2020-01-13','YYYY-MM-DD'), 'Reference');
INSERT INTO Resource_Project VALUES (6000004, 9000025, TO_DATE('2022-02-23','YYYY-MM-DD'), 'Reference');
INSERT INTO Resource_Project VALUES (6000015, 9000003, TO_DATE('2021-08-29','YYYY-MM-DD'), 'Implementation');
INSERT INTO Resource_Project VALUES (6000003, 9000012, TO_DATE('2022-01-23','YYYY-MM-DD'), 'Implementation');
INSERT INTO Resource_Project VALUES (6000007, 9000040, TO_DATE('2020-05-09','YYYY-MM-DD'), 'Implementation');
INSERT INTO Resource_Project VALUES (6000015, 9000004, TO_DATE('2024-05-04','YYYY-MM-DD'), 'Analysis');
INSERT INTO Resource_Project VALUES (6000015, 9000012, TO_DATE('2020-08-04','YYYY-MM-DD'), 'Implementation');
INSERT INTO Resource_Project VALUES (6000008, 9000045, TO_DATE('2020-08-25','YYYY-MM-DD'), 'Implementation');
INSERT INTO Resource_Project VALUES (6000001, 9000020, TO_DATE('2020-08-23','YYYY-MM-DD'), 'Reference');
INSERT INTO Resource_Project VALUES (6000002, 9000020, TO_DATE('2024-10-14','YYYY-MM-DD'), 'Implementation');
INSERT INTO Resource_Project VALUES (6000015, 9000042, TO_DATE('2020-10-29','YYYY-MM-DD'), 'Analysis');
INSERT INTO Resource_Project VALUES (6000008, 9000029, TO_DATE('2023-07-03','YYYY-MM-DD'), 'Reference');
INSERT INTO Resource_Project VALUES (6000010, 9000001, TO_DATE('2024-08-06','YYYY-MM-DD'), 'Reference');
INSERT INTO Resource_Project VALUES (6000002, 9000044, TO_DATE('2021-05-05','YYYY-MM-DD'), 'Analysis');
INSERT INTO Resource_Project VALUES (6000001, 9000018, TO_DATE('2020-04-03','YYYY-MM-DD'), 'Analysis');
INSERT INTO Resource_Project VALUES (6000009, 9000022, TO_DATE('2022-02-26','YYYY-MM-DD'), 'Analysis');
INSERT INTO Resource_Project VALUES (6000004, 9000029, TO_DATE('2023-01-19','YYYY-MM-DD'), 'Reference');
INSERT INTO Resource_Project VALUES (6000008, 9000034, TO_DATE('2022-12-05','YYYY-MM-DD'), 'Analysis');
INSERT INTO Resource_Project VALUES (6000010, 9000013, TO_DATE('2023-10-23','YYYY-MM-DD'), 'Analysis');
INSERT INTO Resource_Project VALUES (6000009, 9000034, TO_DATE('2022-12-16','YYYY-MM-DD'), 'Implementation');
INSERT INTO Resource_Project VALUES (6000015, 9000001, TO_DATE('2023-06-17','YYYY-MM-DD'), 'Implementation');
INSERT INTO Resource_Project VALUES (6000008, 9000025, TO_DATE('2021-08-08','YYYY-MM-DD'), 'Analysis');
INSERT INTO Resource_Project VALUES (6000005, 9000026, TO_DATE('2024-09-21','YYYY-MM-DD'), 'Implementation');
INSERT INTO Resource_Project VALUES (6000009, 9000014, TO_DATE('2022-10-17','YYYY-MM-DD'), 'Analysis');
INSERT INTO Resource_Project VALUES (6000009, 9000003, TO_DATE('2020-08-12','YYYY-MM-DD'), 'Reference');
INSERT INTO Resource_Project VALUES (6000014, 9000024, TO_DATE('2024-12-29','YYYY-MM-DD'), 'Analysis');
INSERT INTO Resource_Project VALUES (6000005, 9000006, TO_DATE('2021-03-11','YYYY-MM-DD'), 'Reference');
INSERT INTO Resource_Project VALUES (6000004, 9000045, TO_DATE('2024-03-23','YYYY-MM-DD'), 'Analysis');
INSERT INTO Resource_Project VALUES (6000006, 9000047, TO_DATE('2022-08-14','YYYY-MM-DD'), 'Implementation');
INSERT INTO Resource_Project VALUES (6000015, 9000002, TO_DATE('2024-11-14','YYYY-MM-DD'), 'Implementation');
INSERT INTO Resource_Project VALUES (6000001, 9000039, TO_DATE('2020-12-20','YYYY-MM-DD'), 'Reference');
INSERT INTO Resource_Project VALUES (6000009, 9000036, TO_DATE('2024-09-09','YYYY-MM-DD'), 'Analysis');
INSERT INTO Resource_Project VALUES (6000011, 9000015, TO_DATE('2020-08-22','YYYY-MM-DD'), 'Analysis');
INSERT INTO Resource_Project VALUES (6000012, 9000034, TO_DATE('2024-12-21','YYYY-MM-DD'), 'Reference');
INSERT INTO Resource_Project VALUES (6000004, 9000047, TO_DATE('2021-07-17','YYYY-MM-DD'), 'Analysis');
 
--Funding_Partner
 
INSERT INTO Funding_Partner VALUES (7000030, 3000012, 'Main', 27.98, 47874.88, 'PEN', TO_DATE('2023-09-24','YYYY-MM-DD'), 'FP-001-Public12-2023');
INSERT INTO Funding_Partner VALUES (7000014, 3000015, 'Secondary', 25.05, 44949.65, 'USD', TO_DATE('2023-02-15','YYYY-MM-DD'), 'FP-002-Private15-2023');
INSERT INTO Funding_Partner VALUES (7000026, 3000004, 'Secondary', 35.35, 16991.48, 'USD', TO_DATE('2023-01-09','YYYY-MM-DD'), 'FP-003-Academic4-2023');
INSERT INTO Funding_Partner VALUES (7000002, 3000009, 'Secondary', 25.37, 1225.69, 'EUR', TO_DATE('2020-06-16','YYYY-MM-DD'), 'FP-004-Public9-2020');
INSERT INTO Funding_Partner VALUES (7000011, 3000002, 'Main', 23.36, 35490.68, 'USD', TO_DATE('2024-12-19','YYYY-MM-DD'), 'FP-005-Public2-2024');
INSERT INTO Funding_Partner VALUES (7000022, 3000008, 'Secondary', 28.9, 43763.63, 'EUR', TO_DATE('2020-08-28','YYYY-MM-DD'), 'FP-006-Public8-2020');
INSERT INTO Funding_Partner VALUES (7000022, 3000007, 'Secondary', 6.52, 28394.75, 'EUR', TO_DATE('2020-10-02','YYYY-MM-DD'), 'FP-007-Public7-2020');
INSERT INTO Funding_Partner VALUES (7000003, 3000021, 'Main', 31.0, 34489.5, 'EUR', TO_DATE('2022-11-19','YYYY-MM-DD'), 'FP-008-Public21-2022');
INSERT INTO Funding_Partner VALUES (7000014, 3000004, 'Secondary', 37.7, 33096.6, 'EUR', TO_DATE('2020-08-11','YYYY-MM-DD'), 'FP-009-Academic4-2020');
INSERT INTO Funding_Partner VALUES (7000029, 3000011, 'Secondary', 26.27, 15080.65, 'USD', TO_DATE('2021-03-04','YYYY-MM-DD'), 'FP-010-Public11-2021');
INSERT INTO Funding_Partner VALUES (7000022, 3000017, 'Main', 29.42, 47649.84, 'PEN', TO_DATE('2021-05-24','YYYY-MM-DD'), 'FP-011-Academic17-2021');
INSERT INTO Funding_Partner VALUES (7000029, 3000019, 'Main', 34.63, 3995.98, 'EUR', TO_DATE('2020-09-19','YYYY-MM-DD'), 'FP-012-Private19-2020');
INSERT INTO Funding_Partner VALUES (7000018, 3000012, 'Secondary', 28.47, 47128.91, 'PEN', TO_DATE('2021-02-01','YYYY-MM-DD'), 'FP-013-Public12-2021');
INSERT INTO Funding_Partner VALUES (7000002, 3000014, 'Secondary', 38.51, 1803.06, 'EUR', TO_DATE('2023-07-12','YYYY-MM-DD'), 'FP-014-Public14-2023');
INSERT INTO Funding_Partner VALUES (7000012, 3000009, 'Main', 12.84, 4640.54, 'EUR', TO_DATE('2023-06-02','YYYY-MM-DD'), 'FP-015-Public9-2023');
INSERT INTO Funding_Partner VALUES (7000014, 3000009, 'Secondary', 7.12, 48381.65, 'EUR', TO_DATE('2023-11-25','YYYY-MM-DD'), 'FP-016-Public9-2023B');
INSERT INTO Funding_Partner VALUES (7000027, 3000018, 'Main', 18.68, 28389.97, 'USD', TO_DATE('2024-06-14','YYYY-MM-DD'), 'FP-017-NGO18-2024');
INSERT INTO Funding_Partner VALUES (7000010, 3000005, 'Main', 42.29, 44734.3, 'PEN', TO_DATE('2020-08-08','YYYY-MM-DD'), 'FP-018-NGO5-2020');
INSERT INTO Funding_Partner VALUES (7000001, 3000001, 'Secondary', 47.9, 2218.54, 'PEN', TO_DATE('2020-07-26','YYYY-MM-DD'), 'FP-019-NGO1-2020');
INSERT INTO Funding_Partner VALUES (7000014, 3000021, 'Main', 9.85, 37385.82, 'EUR', TO_DATE('2023-12-08','YYYY-MM-DD'), 'FP-020-Public21-2023');
INSERT INTO Funding_Partner VALUES (7000030, 3000016, 'Main', 9.68, 19385.91, 'USD', TO_DATE('2024-02-25','YYYY-MM-DD'), 'FP-021-NGO16-2024');
INSERT INTO Funding_Partner VALUES (7000021, 3000018, 'Main', 39.27, 39643.56, 'PEN', TO_DATE('2023-07-25','YYYY-MM-DD'), 'FP-022-NGO18-2023');
INSERT INTO Funding_Partner VALUES (7000016, 3000025, 'Main', 28.49, 44206.85, 'USD', TO_DATE('2024-06-17','YYYY-MM-DD'), 'FP-023-Public25-2024');
INSERT INTO Funding_Partner VALUES (7000013, 3000021, 'Main', 17.44, 33293.51, 'USD', TO_DATE('2024-03-24','YYYY-MM-DD'), 'FP-024-Public21-2024');
INSERT INTO Funding_Partner VALUES (7000008, 3000007, 'Main', 24.82, 29926.47, 'EUR', TO_DATE('2021-06-12','YYYY-MM-DD'), 'FP-025-Public7-2021');
INSERT INTO Funding_Partner VALUES (7000012, 3000002, 'Secondary', 9.62, 12787.73, 'PEN', TO_DATE('2020-05-14','YYYY-MM-DD'), 'FP-026-Public2-2020');
INSERT INTO Funding_Partner VALUES (7000009, 3000006, 'Secondary', 43.57, 39812.17, 'EUR', TO_DATE('2021-09-24','YYYY-MM-DD'), 'FP-027-Private6-2021');
INSERT INTO Funding_Partner VALUES (7000020, 3000020, 'Main', 7.25, 9060.95, 'EUR', TO_DATE('2023-11-09','YYYY-MM-DD'), 'FP-028-Public20-2023');
INSERT INTO Funding_Partner VALUES (7000007, 3000014, 'Main', 8.72, 9287.06, 'PEN', TO_DATE('2024-04-11','YYYY-MM-DD'), 'FP-029-Public14-2024');
INSERT INTO Funding_Partner VALUES (7000002, 3000019, 'Secondary', 14.67, 45596.47, 'EUR', TO_DATE('2021-07-14','YYYY-MM-DD'), 'FP-030-Private19-2021');
 
--Project_Beneficiary
 
INSERT INTO Project_Beneficiary VALUES (6000008, 4000025, TO_DATE('2022-03-23','YYYY-MM-DD'), 'Leader');
INSERT INTO Project_Beneficiary VALUES (6000011, 4000030, TO_DATE('2021-03-24','YYYY-MM-DD'), 'Leader');
INSERT INTO Project_Beneficiary VALUES (6000013, 4000034, TO_DATE('2022-04-21','YYYY-MM-DD'), 'Leader');
INSERT INTO Project_Beneficiary VALUES (6000005, 4000085, TO_DATE('2024-02-02','YYYY-MM-DD'), 'Leader');
INSERT INTO Project_Beneficiary VALUES (6000001, 4000060, TO_DATE('2022-07-11','YYYY-MM-DD'), 'Leader');
INSERT INTO Project_Beneficiary VALUES (6000006, 4000054, TO_DATE('2022-08-24','YYYY-MM-DD'), 'Leader');
INSERT INTO Project_Beneficiary VALUES (6000006, 4000081, TO_DATE('2022-01-12','YYYY-MM-DD'), 'Participant');
INSERT INTO Project_Beneficiary VALUES (6000010, 4000041, TO_DATE('2020-08-11','YYYY-MM-DD'), 'Leader');
INSERT INTO Project_Beneficiary VALUES (6000014, 4000022, TO_DATE('2020-05-01','YYYY-MM-DD'), 'Participant');
INSERT INTO Project_Beneficiary VALUES (6000011, 4000028, TO_DATE('2021-11-16','YYYY-MM-DD'), 'Participant');
INSERT INTO Project_Beneficiary VALUES (6000005, 4000002, TO_DATE('2022-01-24','YYYY-MM-DD'), 'Leader');
INSERT INTO Project_Beneficiary VALUES (6000005, 4000009, TO_DATE('2020-10-21','YYYY-MM-DD'), 'Leader');
INSERT INTO Project_Beneficiary VALUES (6000004, 4000005, TO_DATE('2023-06-20','YYYY-MM-DD'), 'Leader');
INSERT INTO Project_Beneficiary VALUES (6000015, 4000016, TO_DATE('2024-07-07','YYYY-MM-DD'), 'Leader');
INSERT INTO Project_Beneficiary VALUES (6000010, 4000065, TO_DATE('2024-02-20','YYYY-MM-DD'), 'Leader');
INSERT INTO Project_Beneficiary VALUES (6000004, 4000011, TO_DATE('2024-02-20','YYYY-MM-DD'), 'Participant');
INSERT INTO Project_Beneficiary VALUES (6000004, 4000093, TO_DATE('2023-12-09','YYYY-MM-DD'), 'Participant');
INSERT INTO Project_Beneficiary VALUES (6000002, 4000004, TO_DATE('2021-03-11','YYYY-MM-DD'), 'Leader');
INSERT INTO Project_Beneficiary VALUES (6000010, 4000070, TO_DATE('2020-04-22','YYYY-MM-DD'), 'Participant');
INSERT INTO Project_Beneficiary VALUES (6000013, 4000008, TO_DATE('2023-06-19','YYYY-MM-DD'), 'Leader');
INSERT INTO Project_Beneficiary VALUES (6000015, 4000075, TO_DATE('2021-07-31','YYYY-MM-DD'), 'Participant');
INSERT INTO Project_Beneficiary VALUES (6000002, 4000079, TO_DATE('2020-11-09','YYYY-MM-DD'), 'Leader');
INSERT INTO Project_Beneficiary VALUES (6000010, 4000038, TO_DATE('2022-10-29','YYYY-MM-DD'), 'Participant');
INSERT INTO Project_Beneficiary VALUES (6000006, 4000027, TO_DATE('2021-12-31','YYYY-MM-DD'), 'Leader');
INSERT INTO Project_Beneficiary VALUES (6000009, 4000008, TO_DATE('2021-01-06','YYYY-MM-DD'), 'Participant');
INSERT INTO Project_Beneficiary VALUES (6000003, 4000032, TO_DATE('2022-08-21','YYYY-MM-DD'), 'Participant');
INSERT INTO Project_Beneficiary VALUES (6000005, 4000067, TO_DATE('2022-09-22','YYYY-MM-DD'), 'Participant');
INSERT INTO Project_Beneficiary VALUES (6000011, 4000004, TO_DATE('2022-05-22','YYYY-MM-DD'), 'Leader');
INSERT INTO Project_Beneficiary VALUES (6000001, 4000021, TO_DATE('2024-05-17','YYYY-MM-DD'), 'Leader');
INSERT INTO Project_Beneficiary VALUES (6000006, 4000014, TO_DATE('2023-12-27','YYYY-MM-DD'), 'Participant');
INSERT INTO Project_Beneficiary VALUES (6000007, 4000012, TO_DATE('2020-03-02','YYYY-MM-DD'), 'Participant');
INSERT INTO Project_Beneficiary VALUES (6000010, 4000030, TO_DATE('2024-02-14','YYYY-MM-DD'), 'Participant');
INSERT INTO Project_Beneficiary VALUES (6000014, 4000080, TO_DATE('2023-10-08','YYYY-MM-DD'), 'Participant');
INSERT INTO Project_Beneficiary VALUES (6000006, 4000090, TO_DATE('2023-08-24','YYYY-MM-DD'), 'Participant');
INSERT INTO Project_Beneficiary VALUES (6000002, 4000042, TO_DATE('2020-06-20','YYYY-MM-DD'), 'Leader');
INSERT INTO Project_Beneficiary VALUES (6000010, 4000062, TO_DATE('2021-01-10','YYYY-MM-DD'), 'Participant');
INSERT INTO Project_Beneficiary VALUES (6000009, 4000007, TO_DATE('2023-10-21','YYYY-MM-DD'), 'Leader');
INSERT INTO Project_Beneficiary VALUES (6000009, 4000090, TO_DATE('2024-08-14','YYYY-MM-DD'), 'Leader');
INSERT INTO Project_Beneficiary VALUES (6000007, 4000096, TO_DATE('2021-12-21','YYYY-MM-DD'), 'Leader');
INSERT INTO Project_Beneficiary VALUES (6000004, 4000058, TO_DATE('2020-02-18','YYYY-MM-DD'), 'Leader');
INSERT INTO Project_Beneficiary VALUES (6000004, 4000082, TO_DATE('2024-02-25','YYYY-MM-DD'), 'Participant');
INSERT INTO Project_Beneficiary VALUES (6000004, 4000080, TO_DATE('2024-09-15','YYYY-MM-DD'), 'Leader');
INSERT INTO Project_Beneficiary VALUES (6000005, 4000095, TO_DATE('2020-09-23','YYYY-MM-DD'), 'Participant');
INSERT INTO Project_Beneficiary VALUES (6000007, 4000095, TO_DATE('2022-09-19','YYYY-MM-DD'), 'Leader');
INSERT INTO Project_Beneficiary VALUES (6000015, 4000046, TO_DATE('2024-05-09','YYYY-MM-DD'), 'Participant');
INSERT INTO Project_Beneficiary VALUES (6000003, 4000081, TO_DATE('2022-07-13','YYYY-MM-DD'), 'Leader');
INSERT INTO Project_Beneficiary VALUES (6000005, 4000076, TO_DATE('2021-05-06','YYYY-MM-DD'), 'Leader');
INSERT INTO Project_Beneficiary VALUES (6000007, 4000054, TO_DATE('2020-10-02','YYYY-MM-DD'), 'Participant');
